id_vehiculo,fecha,hora,ondas,temp_motor,vibracion,presion,humedad,voltaje,velocidad,bateria1,bateria2,dist_supercharger1,dist_supercharger2
24596,14.07.2022,18:09:46,0.759,99.7,0.808,2.9,0.77,409.2,60.2,47.3,78.5,234.1,911.1
24596,14.07.2022,13:24:09,0.914,88.5,0.995,3.65,0.99,381.5,61.2,40.4,65.3,453.7,470.6
24596,14.07.2022,19:11:06,0.94,97.6,0.922,2.26,0.85,411.3,70.7,81.4,54.6,128.2,299.6
24596,14.07.2022,18:52:17,0.81,90.3,0.762,3.67,0.79,377.9,66.0,39.6,86.3,323.6,652.7
24596,14.07.2022,22:02:22,0.84,93.7,0.933,2.2,0.91,385.7,52.7,61.5,76.1,46.2,538.7
24596,14.07.2022,21:05:19,0.891,87.5,0.795,2.29,0.98,437.2,51.8,61.4,50.1,71.6,536.0
24596,14.07.2022,21:49:13,0.874,93.2,0.915,2.13,0.91,369.9,48.5,89.9,93.9,276.2,568.3
24596,14.07.2022,17:51:06,0.821,96.4,0.758,3.51,0.86,334.6,63.6,32.5,52.1,367.5,738.2
24596,14.07.2022,13:03:06,0.746,96.0,0.935,3.98,0.92,413.7,44.9,64.8,75.6,467.8,864.8
24596,14.07.2022,21:57:47,0.972,87.3,0.853,3.52,0.78,417.9,76.8,91.8,47.7,15.9,449.8
24596,14.07.2022,20:31:50,0.792,91.4,0.816,3.17,0.89,381.2,61.2,32.1,64.6,301.5,845.4
24596,14.07.2022,13:51:33,0.911,98.6,0.87,2.48,0.86,438.4,50.8,65.6,82.7,338.9,600.5
24596,14.07.2022,19:04:09,0.803,92.6,0.919,2.7,0.99,371.0,48.5,88.7,63.8,220.2,354.4
24596,14.07.2022,17:39:50,0.83,85.4,0.961,2.62,0.79,359.6,44.4,28.3,42.6,202.7,949.1
24596,14.07.2022,16:19:07,0.914,89.8,0.899,3.86,0.94,374.4,42.2,79.0,76.8,227.8,554.4
24596,14.07.2022,19:00:53,0.765,92.6,0.864,3.05,0.93,391.0,70.8,38.1,49.8,152.2,334.5
24596,14.07.2022,14:33:41,0.965,90.7,0.81,3.55,0.97,367.2,52.2,78.9,53.4,364.1,347.0
24596,14.07.2022,14:15:33,0.734,87.4,0.825,3.89,0.95,402.4,48.9,23.2,95.6,206.3,270.6
24596,14.07.2022,19:40:12,0.785,92.8,0.981,2.21,0.9,385.3,61.8,51.3,90.9,40.8,281.4
24596,14.07.2022,21:41:04,0.84,94.3,0.9,3.31,0.97,405.2,52.7,64.0,53.7,224.9,567.8
24596,14.07.2022,22:12:34,0.937,92.9,0.833,3.86,0.91,342.6,47.5,29.3,69.3,397.8,778.4
24596,14.07.2022,22:10:00,0.876,98.3,0.828,3.37,0.94,362.8,64.2,83.4,47.7,94.5,281.2
24596,14.07.2022,13:23:54,0.722,89.5,0.944,2.51,0.95,395.1,44.8,44.0,95.2,28.8,284.9
24596,14.07.2022,16:54:59,0.805,96.7,0.777,3.87,0.97,400.1,50.3,75.2,43.5,221.9,295.3
24596,14.07.2022,18:02:51,0.704,85.8,0.852,2.61,0.77,372.6,44.9,69.1,69.0,337.2,937.6
24596,14.07.2022,23:44:46,0.882,90.1,0.917,2.81,0.76,387.3,56.3,34.2,74.8,378.4,800.6
24596,14.07.2022,21:28:39,0.948,91.3,0.989,2.34,0.87,349.6,71.8,67.1,93.2,371.1,296.7
24596,14.07.2022,19:59:20,0.857,89.8,0.894,2.34,0.88,384.1,74.2,90.6,49.4,320.7,926.2
24596,14.07.2022,23:29:13,0.908,92.4,0.851,3.36,0.87,385.0,42.4,27.5,70.5,305.1,534.2
24596,14.07.2022,20:16:37,0.947,97.6,0.939,2.07,0.86,355.4,72.3,61.5,95.1,146.2,505.6
24596,14.07.2022,13:48:29,0.953,94.2,0.805,2.99,0.83,339.3,41.4,91.5,62.5,16.8,756.9
24596,14.07.2022,15:52:09,0.846,86.7,0.979,3.37,0.91,350.4,60.9,94.0,53.7,252.0,928.3
24596,14.07.2022,13:36:29,0.77,88.0,0.88,2.82,0.87,428.9,47.6,75.9,93.8,366.0,287.1
24596,14.07.2022,20:34:55,0.745,87.2,0.901,2.25,0.94,351.0,58.2,97.7,83.0,408.7,325.9
24596,14.07.2022,16:21:02,0.927,91.1,0.866,3.73,0.85,417.9,48.3,99.7,77.4,195.9,395.0
24596,14.07.2022,18:03:50,0.967,91.2,0.762,2.47,0.9,423.1,69.5,38.3,58.6,50.7,494.1
24596,14.07.2022,21:17:12,0.959,91.2,0.825,2.77,0.77,369.2,54.8,47.4,76.5,447.0,452.3
24596,14.07.2022,21:46:44,0.836,89.2,0.838,3.9,0.79,350.0,47.1,60.5,87.7,244.6,373.1
24596,14.07.2022,19:10:37,0.985,88.5,0.755,2.1,0.89,378.0,59.7,91.1,76.4,201.5,750.3
24596,14.07.2022,18:03:52,0.755,86.7,0.751,3.04,0.97,415.3,44.7,33.5,89.4,290.8,547.0
24596,14.07.2022,17:45:32,0.856,85.4,0.942,3.85,0.82,350.3,50.0,97.2,66.8,227.0,900.0
24596,14.07.2022,14:45:54,0.909,90.5,0.804,3.32,0.86,350.2,72.3,86.3,48.7,409.8,646.7
24596,14.07.2022,20:40:00,0.777,99.6,0.811,2.03,0.76,346.4,73.7,63.1,72.8,395.4,523.9
24596,14.07.2022,13:50:05,0.789,94.5,0.883,2.62,0.87,352.3,63.9,86.8,75.3,193.7,358.8
24596,14.07.2022,21:01:20,0.722,96.1,0.814,3.58,0.84,403.2,53.5,60.0,40.0,101.7,425.1
24596,14.07.2022,21:24:29,0.733,95.4,0.819,2.23,1.0,396.8,50.7,46.3,66.6,444.3,453.4
24596,14.07.2022,13:01:28,0.894,89.9,1.0,3.71,0.81,402.2,79.9,75.1,73.3,202.5,644.0
24596,14.07.2022,19:48:34,0.795,89.0,0.764,2.64,0.98,335.6,75.7,36.3,51.5,77.4,448.6
24596,14.07.2022,21:37:33,0.841,92.2,0.94,3.59,0.93,363.8,67.2,97.9,40.0,47.3,389.0
24596,14.07.2022,21:40:12,0.742,98.7,0.786,2.79,0.89,359.4,65.5,57.7,67.3,440.9,700.9
24596,14.07.2022,19:48:10,0.778,88.0,0.81,2.56,0.84,385.2,66.1,72.2,61.2,474.3,492.9
24596,14.07.2022,16:03:37,0.774,89.3,0.817,3.21,0.93,407.1,73.9,26.5,57.7,322.5,542.2
24596,14.07.2022,19:10:16,0.766,86.6,0.941,3.02,0.82,400.6,74.8,94.9,74.6,236.6,277.6
24596,14.07.2022,20:16:40,0.714,96.6,0.981,3.96,0.87,337.1,79.3,56.4,93.7,162.0,857.8
24596,14.07.2022,22:41:10,0.711,87.5,0.978,2.34,0.8,377.4,48.9,26.0,98.3,136.8,629.7
24596,14.07.2022,18:09:58,0.956,90.5,0.887,2.01,0.95,366.0,63.3,91.3,42.1,371.8,318.9
24596,14.07.2022,14:08:13,0.7,90.6,0.953,2.27,0.79,335.8,68.7,46.0,89.0,86.0,689.4
24596,14.07.2022,19:37:06,0.783,88.3,0.966,2.37,0.92,399.1,67.3,80.4,70.8,174.8,384.5
24596,14.07.2022,16:05:33,0.898,95.9,0.846,3.22,0.93,354.5,76.4,54.6,95.0,131.6,585.6
24596,14.07.2022,17:14:14,0.828,88.0,0.887,3.79,0.76,403.2,66.6,60.6,60.5,455.6,478.6
24596,14.07.2022,17:22:18,0.792,98.1,0.941,2.32,0.81,365.5,63.4,28.1,61.7,86.6,945.4
24596,14.07.2022,17:25:51,0.74,96.0,0.855,2.01,0.86,407.9,58.5,77.5,71.8,147.3,715.4
24596,14.07.2022,18:38:26,0.713,94.9,0.889,2.99,0.94,383.9,51.5,73.0,49.0,190.1,745.6
24596,14.07.2022,14:43:52,0.97,86.3,0.944,3.04,0.84,388.9,61.7,51.0,48.9,68.0,598.7
24596,14.07.2022,15:04:17,0.985,85.6,0.962,3.65,0.9,395.4,67.7,45.1,65.9,65.8,690.0
24596,14.07.2022,15:37:21,0.888,92.1,0.771,3.37,0.76,364.3,48.4,84.9,83.8,35.0,626.8
24596,14.07.2022,17:44:02,0.89,94.1,0.878,2.65,0.82,404.5,74.9,20.1,42.3,172.5,867.2
24596,14.07.2022,23:30:08,0.968,92.6,0.91,2.12,0.89,365.1,42.8,83.0,59.5,86.9,791.0
24596,14.07.2022,21:19:08,0.82,85.0,0.775,3.46,0.97,437.1,71.8,28.1,98.9,257.1,320.8
24596,14.07.2022,17:47:45,0.986,87.4,0.993,3.97,0.77,351.1,44.5,47.8,93.8,121.7,835.2
24596,14.07.2022,15:45:56,0.743,91.3,0.757,3.26,0.89,362.9,54.5,57.0,64.4,468.5,394.1
24596,14.07.2022,13:05:03,0.753,87.3,0.795,2.02,0.95,370.3,60.6,67.6,63.4,17.8,888.0
24596,14.07.2022,21:38:58,0.963,86.5,0.973,2.04,0.84,332.9,66.7,92.7,68.4,466.9,426.2
24596,14.07.2022,20:11:49,0.767,97.0,0.811,3.62,0.91,389.7,56.7,82.8,96.9,127.6,287.1
24596,14.07.2022,23:12:24,0.874,99.5,0.9,3.37,0.77,377.3,42.1,42.4,87.1,387.8,428.8
24596,14.07.2022,16:40:53,0.828,93.7,0.894,3.49,0.8,351.1,73.8,36.2,76.7,423.8,618.1
24596,14.07.2022,16:30:22,0.76,90.6,0.78,2.35,0.77,411.2,54.4,83.6,48.1,206.2,684.8
24596,14.07.2022,22:14:10,0.866,86.9,0.865,3.01,0.98,437.3,52.5,78.1,41.1,220.2,366.8
24596,14.07.2022,20:22:02,0.798,86.1,0.851,2.78,0.99,339.7,76.9,26.6,60.9,329.0,302.6
24596,14.07.2022,16:31:22,0.873,99.6,0.812,3.31,0.91,335.7,44.2,78.4,96.2,317.2,436.2
24596,14.07.2022,22:46:37,0.704,96.9,0.992,3.24,0.79,387.2,73.0,60.8,80.4,464.3,637.9
24596,14.07.2022,13:45:36,0.795,93.1,0.792,2.85,0.97,336.8,64.6,34.7,50.6,250.3,832.1
24596,14.07.2022,16:33:32,0.778,99.1,0.763,2.02,0.91,367.1,75.5,82.5,46.1,138.5,359.1
24596,14.07.2022,22:08:53,0.859,92.0,0.913,2.56,1.0,334.6,77.0,94.9,56.4,13.9,557.6
24596,14.07.2022,13:56:44,0.976,85.6,0.762,3.59,0.89,393.7,61.4,75.8,94.8,2.8,479.3
24596,14.07.2022,16:31:04,0.767,88.6,0.822,3.47,0.77,362.7,50.9,98.1,91.4,277.0,569.4
24596,14.07.2022,14:04:38,0.78,88.4,0.827,3.4,0.84,403.4,60.2,96.8,59.8,332.2,390.8
24596,14.07.2022,19:32:47,0.778,91.0,0.922,2.01,0.95,364.2,66.0,69.8,55.1,425.0,602.7
24596,14.07.2022,18:48:26,0.908,94.1,0.863,2.93,0.85,424.1,71.8,92.1,48.8,478.3,845.4
24596,14.07.2022,17:03:57,0.974,87.4,0.82,2.72,0.89,436.9,47.2,99.6,91.8,398.5,517.5
24596,14.07.2022,17:54:07,0.957,88.5,0.888,3.89,0.94,421.4,53.1,66.2,56.7,255.2,733.9
24596,14.07.2022,18:15:16,0.975,93.5,0.886,3.89,0.89,364.9,51.5,66.8,47.7,140.9,480.2
24596,14.07.2022,19:17:46,0.848,87.2,0.97,3.55,0.79,416.6,60.6,53.0,41.5,338.4,397.8
24596,14.07.2022,21:15:18,0.727,91.1,0.859,3.34,0.79,343.1,71.0,38.0,88.1,328.0,816.1
24596,14.07.2022,18:51:51,0.839,88.3,0.764,2.86,0.87,435.8,77.4,41.1,60.5,1.1,323.8
24596,14.07.2022,18:55:40,0.726,89.8,0.982,3.01,0.86,400.9,62.9,48.8,46.8,60.7,666.2
24596,14.07.2022,17:35:34,0.781,95.3,0.885,3.09,0.88,422.3,47.7,61.9,81.9,124.0,495.0
24596,14.07.2022,15:13:03,0.815,98.3,0.963,2.99,0.89,402.2,62.0,98.1,96.0,168.4,782.5
24596,14.07.2022,15:55:02,0.958,99.3,0.867,2.78,0.78,378.6,69.6,50.8,45.3,471.1,716.6
24596,14.07.2022,19:00:36,0.852,85.5,0.853,3.88,0.77,344.3,63.6,74.1,97.9,467.1,556.6
24596,14.07.2022,23:40:29,0.852,94.0,0.881,3.7,0.75,381.9,50.7,57.2,98.8,260.9,923.5
24596,14.07.2022,19:38:26,0.964,96.0,0.931,3.64,0.83,401.9,54.7,84.3,95.9,208.2,785.4
24596,14.07.2022,22:48:51,0.834,98.5,0.896,2.81,0.88,371.5,64.7,26.1,54.3,337.5,769.6
24596,14.07.2022,18:07:24,0.804,99.8,0.913,2.15,0.87,408.6,50.9,38.8,61.6,160.4,422.6
24596,14.07.2022,22:42:02,0.741,94.5,0.947,2.54,0.92,427.4,64.3,88.7,92.6,165.8,772.6
24596,14.07.2022,22:46:48,0.799,93.1,0.776,2.5,0.79,356.8,73.1,49.4,88.0,343.9,455.2
24596,14.07.2022,17:19:39,0.769,89.6,0.752,3.89,0.86,337.7,50.9,90.1,92.6,124.8,660.4
24596,14.07.2022,15:10:00,0.777,98.3,0.971,2.32,0.76,349.1,63.0,24.4,88.1,358.6,758.7
24596,14.07.2022,23:29:53,0.874,99.8,0.955,3.6,0.79,387.2,64.3,87.4,84.7,451.0,329.4
24596,14.07.2022,16:53:37,0.858,89.1,0.991,3.71,0.81,369.9,66.0,97.6,72.6,256.6,381.4
24596,14.07.2022,18:30:54,0.859,87.5,0.863,2.96,0.99,332.6,74.5,52.0,85.4,60.7,682.8
24596,14.07.2022,20:37:31,0.796,89.4,0.903,3.91,0.97,427.2,67.1,35.1,66.8,447.1,319.6
24596,14.07.2022,19:11:58,0.746,86.6,0.778,3.59,0.94,418.2,52.4,20.6,54.4,94.1,595.7
24596,14.07.2022,21:30:51,0.935,98.9,0.996,3.1,0.94,423.2,64.8,56.6,84.9,103.6,829.9
24596,14.07.2022,21:03:27,0.777,99.4,0.902,3.1,1.0,373.3,61.7,53.7,63.4,364.7,293.6
24596,14.07.2022,14:21:07,0.737,92.0,0.798,3.12,0.89,430.6,76.8,82.6,44.6,233.9,514.3
24596,14.07.2022,14:48:41,0.874,95.6,0.874,3.84,0.95,368.9,72.6,80.1,57.2,393.8,328.3
24596,14.07.2022,17:33:57,0.945,86.2,0.909,3.72,0.95,421.3,71.2,85.1,66.1,91.5,416.3
24596,14.07.2022,16:56:31,0.747,96.2,0.947,2.12,0.81,349.7,45.6,66.9,75.1,39.9,423.2
24596,14.07.2022,17:55:12,0.806,87.0,0.986,2.54,0.94,354.6,67.0,86.8,47.5,380.9,470.2
24596,14.07.2022,23:49:15,0.952,94.4,0.897,2.49,0.84,380.3,47.8,94.4,63.6,391.9,610.9
24596,14.07.2022,15:21:07,0.933,90.5,0.889,2.29,0.85,392.5,71.0,76.6,49.3,397.5,513.9
24596,14.07.2022,16:31:46,0.769,95.0,0.927,2.55,0.76,369.7,48.5,94.1,49.8,391.4,773.5
24596,14.07.2022,22:41:49,0.853,86.4,0.784,2.41,0.83,348.8,67.9,45.5,73.3,321.0,773.8
24596,14.07.2022,21:40:46,0.934,87.9,0.906,2.79,0.97,401.1,75.3,94.5,42.1,218.8,643.9
24596,14.07.2022,18:27:07,0.771,95.1,0.765,2.37,0.82,360.7,66.0,32.9,43.7,203.1,661.3
24596,14.07.2022,17:54:50,0.999,90.6,0.922,3.32,0.97,405.8,65.6,42.2,88.5,357.6,723.6
24596,14.07.2022,13:18:37,0.922,89.7,0.763,2.53,0.94,386.0,52.6,82.0,66.5,446.1,897.8
24596,14.07.2022,14:23:32,0.908,99.6,0.983,3.99,0.76,432.5,61.0,35.8,46.2,48.9,282.4
24596,14.07.2022,18:43:10,0.901,91.6,0.767,2.91,0.84,338.4,57.6,40.4,99.0,349.2,798.9
24596,14.07.2022,15:05:10,0.913,86.5,0.793,2.64,0.79,371.3,78.3,89.1,85.0,103.4,568.4
24596,14.07.2022,13:03:55,0.772,89.9,0.848,3.52,0.78,428.2,64.8,29.4,96.1,289.8,930.9
24596,14.07.2022,15:41:12,0.798,99.8,0.806,3.91,0.78,435.7,49.7,95.3,87.2,130.1,505.0
24596,14.07.2022,15:47:39,0.782,88.1,0.96,2.49,0.76,379.8,40.7,52.3,88.3,157.2,769.2
24596,14.07.2022,19:22:59,0.783,99.1,0.767,3.32,0.89,360.6,74.2,69.1,47.1,179.0,738.4
24596,14.07.2022,17:38:49,0.834,89.1,0.89,2.83,0.79,380.1,40.4,26.8,80.2,64.6,556.4
24596,14.07.2022,21:10:16,0.787,87.5,0.777,2.44,0.96,437.7,67.9,71.3,76.6,67.4,272.6
24596,14.07.2022,17:55:16,0.892,93.5,0.991,3.93,0.82,433.0,60.7,40.4,92.3,61.0,419.9
24596,14.07.2022,20:20:47,0.972,96.7,0.771,2.36,0.9,434.6,42.7,73.5,98.0,261.5,659.5
24596,14.07.2022,17:59:35,0.994,85.6,0.792,3.53,0.81,411.5,56.6,87.4,84.0,68.1,364.6
24596,14.07.2022,21:06:52,0.889,93.5,0.876,2.34,0.82,418.9,69.3,33.0,64.5,172.1,770.5
24596,14.07.2022,19:17:41,0.951,86.0,0.921,2.73,0.99,404.5,64.7,93.2,78.6,320.3,695.9
24596,14.07.2022,16:00:32,0.824,89.5,0.936,3.5,0.79,338.4,77.6,49.6,41.1,264.8,522.8
24596,14.07.2022,18:42:11,0.979,95.7,0.844,3.28,0.86,395.1,67.4,38.6,52.9,146.1,505.1
24596,14.07.2022,14:51:10,0.977,88.0,0.756,3.05,0.86,357.1,43.3,32.6,42.2,166.5,307.8
24596,14.07.2022,14:30:37,0.71,95.7,0.825,3.59,0.82,336.6,61.4,21.9,84.1,38.2,720.1
24596,14.07.2022,20:58:36,0.937,96.1,0.86,2.63,0.92,406.0,63.2,70.9,54.3,196.2,569.5
24596,14.07.2022,23:01:44,0.799,94.7,0.9,2.5,0.95,358.2,62.2,58.1,40.5,359.9,502.7
24596,14.07.2022,20:58:21,0.947,95.5,0.916,3.31,0.92,432.8,47.9,45.6,75.9,151.9,907.5
24596,14.07.2022,23:30:54,0.878,88.6,0.944,2.96,0.91,393.6,79.8,53.6,47.5,73.7,406.9
24596,14.07.2022,17:10:52,0.737,99.3,0.78,3.61,0.87,396.6,40.5,75.2,58.6,76.7,473.1
24596,14.07.2022,18:18:27,0.762,88.8,0.941,2.54,0.9,431.7,50.9,61.5,96.0,115.1,790.5
24596,14.07.2022,13:18:58,0.924,94.2,0.829,3.98,0.98,395.3,59.4,41.6,75.6,444.9,339.5
24596,14.07.2022,17:07:42,0.976,92.1,0.956,3.07,0.76,365.0,56.9,93.5,47.7,399.9,867.0
24596,14.07.2022,15:53:22,0.822,91.0,0.789,3.41,0.86,361.9,59.0,26.0,51.3,180.1,592.4
24596,14.07.2022,23:23:21,0.865,96.4,0.975,2.84,1.0,389.6,44.0,49.9,43.6,279.5,769.0
24596,14.07.2022,16:56:21,0.722,95.8,0.993,2.46,0.92,371.5,42.9,24.1,86.7,312.7,668.9
24596,14.07.2022,16:02:43,0.703,96.0,0.906,3.71,0.97,363.7,53.4,81.8,46.0,381.9,929.7
24596,14.07.2022,14:58:04,0.747,85.9,0.824,2.52,0.84,411.0,67.2,53.0,88.8,269.2,885.2
24596,14.07.2022,19:48:37,0.84,98.7,0.796,2.3,0.88,356.0,48.1,47.7,87.1,323.0,651.9
24596,14.07.2022,18:33:50,0.897,89.0,0.824,2.21,0.81,428.2,44.3,32.4,92.7,337.8,557.9
24596,14.07.2022,18:41:13,0.812,96.3,0.884,3.62,0.85,397.5,44.1,83.6,96.9,451.5,519.2
24596,14.07.2022,23:26:50,0.967,89.7,0.972,3.11,0.77,368.9,66.9,27.6,94.7,254.9,289.9
24596,14.07.2022,18:01:47,0.944,87.9,0.807,3.2,0.97,365.4,64.9,87.8,82.4,239.0,488.1
24596,14.07.2022,17:48:47,0.827,95.2,0.778,2.72,0.99,333.7,62.2,46.5,64.2,298.1,945.7
24596,14.07.2022,22:39:38,0.808,95.1,0.995,3.52,0.98,372.9,42.1,60.6,48.8,26.6,671.7
24596,14.07.2022,18:11:14,0.958,98.7,0.898,3.99,0.87,437.5,66.4,82.6,71.4,418.6,403.7
24596,14.07.2022,22:07:53,0.822,87.2,0.872,3.42,0.99,367.3,70.1,47.9,59.2,295.8,828.6
24596,14.07.2022,17:26:19,0.726,96.1,0.792,2.34,0.94,424.8,51.3,38.8,87.0,237.2,473.7
24596,14.07.2022,14:24:21,0.975,98.8,0.805,2.46,0.88,350.9,71.1,78.0,55.5,260.8,508.0
24596,14.07.2022,22:41:30,0.787,97.7,0.804,2.32,0.76,436.7,72.5,53.5,48.6,227.1,809.4
24596,14.07.2022,13:53:33,0.922,91.1,0.98,3.49,0.97,432.8,79.4,64.2,48.7,175.5,915.6
24596,14.07.2022,17:46:27,0.936,99.4,0.952,3.37,0.96,417.1,47.1,85.0,56.2,327.1,688.0
24596,14.07.2022,23:40:34,0.763,95.8,0.768,2.52,0.91,384.1,63.9,53.4,54.9,107.6,929.4
24596,14.07.2022,17:33:09,0.923,96.1,0.959,2.93,0.93,437.1,45.0,68.1,65.9,393.7,537.0
24596,14.07.2022,21:50:28,0.927,96.5,0.884,2.58,0.93,395.4,63.8,71.2,99.1,143.8,796.2
24596,14.07.2022,17:41:51,0.739,86.3,0.94,3.97,0.85,390.9,63.0,79.6,69.7,204.1,760.3
24596,14.07.2022,23:44:27,0.743,96.5,0.928,3.73,0.79,367.4,77.9,80.0,41.0,231.3,821.6
24596,14.07.2022,15:40:16,0.789,91.9,0.915,3.51,0.82,433.4,44.7,47.8,46.4,0.7,948.4
24596,14.07.2022,18:26:55,0.981,87.0,0.979,3.2,0.87,366.1,51.7,29.2,65.4,422.2,948.2
24596,14.07.2022,13:12:15,0.924,86.2,0.923,3.06,0.92,401.0,41.2,44.2,56.4,59.0,540.4
24596,14.07.2022,15:01:50,0.995,93.9,0.857,3.42,0.88,374.1,73.5,66.8,80.1,319.0,830.4
24596,14.07.2022,16:53:11,0.786,90.5,0.973,2.97,0.98,363.5,74.8,77.0,56.8,169.4,326.9
24596,14.07.2022,17:09:25,0.915,97.5,0.839,3.97,0.95,371.1,58.2,27.2,57.6,73.2,508.4
24596,14.07.2022,23:41:15,0.751,97.0,0.831,3.68,0.79,333.0,43.0,66.7,92.7,412.1,279.5
24596,14.07.2022,18:26:02,0.888,96.8,0.802,3.08,0.79,377.1,47.4,80.8,63.5,249.3,451.0
24596,14.07.2022,23:04:30,0.89,97.5,0.975,3.02,0.95,399.7,66.9,49.3,76.8,305.3,522.1
24596,14.07.2022,18:56:49,0.856,99.4,0.952,2.48,0.83,352.4,79.1,76.4,66.6,312.9,630.6
24596,14.07.2022,13:06:17,0.866,90.9,0.759,2.07,0.88,391.6,55.4,63.3,56.9,199.1,475.1
24596,14.07.2022,14:48:23,0.919,89.8,0.956,2.73,0.92,389.0,67.6,58.1,53.5,188.0,317.2
24596,14.07.2022,14:24:16,0.997,94.1,0.796,2.15,0.93,335.4,55.9,65.6,42.1,258.8,285.8
24596,14.07.2022,14:28:10,0.961,89.1,0.853,3.07,0.9,343.1,61.4,96.3,67.0,348.2,429.7
24596,14.07.2022,15:50:15,0.8,98.4,0.771,2.18,0.94,354.6,66.3,54.8,65.2,366.2,892.5
24596,14.07.2022,22:15:01,0.73,96.9,0.794,2.9,0.81,435.0,49.6,35.8,98.1,351.4,565.3
24596,14.07.2022,22:07:13,0.802,86.0,0.995,3.95,0.94,417.6,55.5,84.3,56.9,33.2,744.3
24596,14.07.2022,22:42:44,0.913,92.7,0.949,3.5,0.77,418.2,75.3,53.8,58.0,99.5,879.0
24596,14.07.2022,23:22:06,0.791,94.5,0.904,2.1,0.99,431.2,44.1,22.3,65.8,34.0,697.4
24596,14.07.2022,21:32:49,0.89,96.4,0.983,3.81,0.78,428.6,48.0,95.4,44.4,266.7,334.9
24596,14.07.2022,20:14:58,0.938,90.8,0.882,2.81,0.83,403.9,42.9,32.3,66.9,274.5,426.6
24596,14.07.2022,22:56:16,0.996,95.6,0.844,3.86,0.93,368.1,48.3,43.9,71.6,470.3,463.1
24596,14.07.2022,13:09:45,0.979,87.2,0.803,3.25,0.88,434.4,41.5,38.3,88.8,443.6,539.3
24596,14.07.2022,13:37:02,0.786,88.1,0.978,3.84,1.0,423.3,51.5,98.9,89.1,396.3,502.1
24596,14.07.2022,17:27:00,0.746,85.6,0.865,3.83,0.79,331.3,46.6,56.9,71.6,402.7,654.8
24596,14.07.2022,13:21:30,0.795,86.1,0.946,2.26,0.9,398.0,74.5,58.8,62.0,77.9,516.4
24596,14.07.2022,13:02:42,0.815,90.6,0.907,2.33,0.89,337.9,45.7,70.8,85.1,28.7,308.7
24596,14.07.2022,14:37:08,0.848,95.6,0.86,2.3,0.82,386.1,61.0,31.7,97.9,421.3,468.2
24596,14.07.2022,23:06:32,0.705,94.6,0.863,2.8,0.92,349.7,42.6,26.8,59.1,210.8,939.5
24596,14.07.2022,16:13:50,0.912,89.9,0.788,3.5,0.84,438.7,77.5,92.4,96.9,282.1,587.5
24596,14.07.2022,18:02:39,0.773,97.8,0.8,3.65,0.89,397.6,55.3,65.5,81.8,160.7,823.7
24596,14.07.2022,15:32:00,0.86,98.5,0.99,3.66,0.81,358.0,78.2,60.8,57.8,124.8,899.2
24596,14.07.2022,22:06:02,0.938,91.0,0.986,2.21,0.89,393.6,61.5,93.6,74.5,246.1,875.5
24596,14.07.2022,14:05:35,0.813,85.6,0.863,2.05,0.83,349.4,54.1,31.7,79.4,179.3,615.4
24596,14.07.2022,15:02:47,0.863,91.8,0.755,3.64,0.88,340.9,70.7,70.2,49.9,348.9,728.9
24596,14.07.2022,20:57:37,0.954,88.4,0.83,3.95,0.95,344.5,59.5,62.7,66.2,273.3,384.5
24596,14.07.2022,19:09:13,0.875,94.3,0.823,3.62,0.82,356.2,44.8,59.2,85.3,460.1,304.3
24596,14.07.2022,18:13:00,0.8,91.4,0.96,3.18,0.9,347.3,73.3,91.5,72.2,41.7,926.0
24596,14.07.2022,13:55:23,0.713,99.2,0.895,2.3,0.81,424.3,78.7,78.6,51.7,64.9,539.2
24596,14.07.2022,22:11:33,0.994,97.5,0.944,3.72,0.77,413.1,46.1,87.6,78.6,222.2,424.6
24596,14.07.2022,20:33:51,0.836,92.9,0.881,2.47,0.86,435.6,52.6,65.1,63.8,38.0,511.9
24596,14.07.2022,22:44:55,0.996,87.4,0.998,2.53,0.81,394.5,71.7,50.5,64.9,359.7,325.0
24596,14.07.2022,18:21:03,0.742,89.2,0.946,2.03,0.91,438.8,52.3,54.8,71.7,56.3,805.8
24596,14.07.2022,21:30:49,0.788,99.2,0.906,3.8,0.82,340.5,56.4,59.0,71.8,191.4,721.7
24596,14.07.2022,22:02:13,0.866,92.0,0.962,3.39,0.95,364.3,73.4,78.9,86.5,140.7,570.9
24596,14.07.2022,15:33:12,0.733,85.2,0.885,3.24,0.89,405.1,54.9,87.3,91.7,324.9,740.1
24596,14.07.2022,20:22:07,0.908,94.3,0.901,3.91,0.98,423.7,40.3,50.2,64.6,105.2,785.9
24596,14.07.2022,13:42:31,0.998,96.2,0.832,3.67,0.75,331.1,42.3,51.3,63.6,163.3,354.6
24596,14.07.2022,16:42:29,0.872,95.8,0.944,3.73,0.87,379.0,75.7,74.8,45.8,65.5,586.5
24596,14.07.2022,18:47:58,0.819,89.1,0.914,3.21,0.87,386.7,69.1,73.0,46.9,318.6,309.7
24596,14.07.2022,19:23:30,0.884,96.9,0.821,3.1,0.76,429.1,50.5,89.5,51.9,56.3,887.1
24596,14.07.2022,20:48:41,0.969,90.3,0.867,3.46,1.0,382.4,74.7,77.5,86.2,388.1,308.5
24596,14.07.2022,16:28:44,0.979,87.9,0.896,2.24,0.9,419.5,66.2,71.4,49.1,228.8,338.7
24596,14.07.2022,17:53:56,0.878,92.6,0.894,2.81,0.94,377.4,52.9,74.4,66.1,130.3,405.6
24596,14.07.2022,21:20:52,0.818,96.5,0.86,3.47,0.79,358.3,41.1,82.9,97.5,355.8,434.5
24596,14.07.2022,18:28:53,0.9,96.8,0.998,2.45,0.83,333.0,45.3,24.1,55.0,306.8,916.9
24596,14.07.2022,22:46:12,0.93,99.6,0.968,3.26,0.99,331.1,68.3,53.3,47.8,130.9,709.0
24596,14.07.2022,15:40:35,0.958,86.8,0.977,3.27,0.87,438.8,69.2,91.3,71.5,449.0,793.0
24596,14.07.2022,21:39:31,0.809,90.8,0.782,3.61,0.75,410.9,65.6,25.4,61.0,434.4,435.7
24596,14.07.2022,16:26:49,0.981,95.9,0.864,3.97,0.8,345.0,43.3,84.9,64.6,133.3,824.7
24596,14.07.2022,18:09:26,0.905,90.5,0.952,2.57,0.86,422.9,51.0,26.7,57.7,239.7,724.8
24596,14.07.2022,15:48:19,0.763,98.5,0.78,3.95,0.82,363.2,77.8,21.4,80.3,285.3,892.2
24596,14.07.2022,23:25:14,0.987,99.7,0.763,3.08,0.96,423.8,78.3,20.0,81.1,186.2,294.1
24596,14.07.2022,21:05:30,0.916,93.5,0.916,3.13,0.96,355.2,57.0,28.9,98.0,415.7,378.6
24596,14.07.2022,22:19:11,0.775,90.3,0.926,2.35,0.82,330.2,50.9,90.3,42.1,151.7,614.6
24596,14.07.2022,13:15:44,0.991,88.3,0.791,2.12,0.81,412.3,53.9,85.1,59.7,207.4,857.2
24596,14.07.2022,17:07:59,0.881,96.8,0.974,3.73,0.81,423.2,74.2,33.9,93.5,159.1,550.9
24596,14.07.2022,18:55:23,0.964,97.7,0.763,3.38,0.78,398.1,51.7,97.1,55.3,424.8,896.8
24596,14.07.2022,18:55:18,0.901,91.7,0.863,2.19,0.81,392.4,79.9,62.3,90.3,352.6,796.6
24596,14.07.2022,22:57:27,0.958,94.1,0.935,3.54,0.94,415.7,59.6,23.8,86.8,364.5,306.8
24596,14.07.2022,21:30:08,0.887,93.1,0.87,2.91,0.84,357.7,58.0,79.9,58.7,203.5,289.2
24596,14.07.2022,23:20:17,0.739,86.8,0.883,2.06,0.98,427.6,41.5,47.4,64.0,236.3,581.9
24596,14.07.2022,22:20:58,0.984,93.6,0.813,2.94,0.76,405.2,44.0,97.0,49.0,49.4,697.5
24596,14.07.2022,13:10:47,0.928,86.9,0.854,3.89,0.91,403.9,47.5,94.9,89.6,291.7,274.9
24596,14.07.2022,13:32:20,0.771,93.1,0.942,2.15,0.99,349.4,57.8,30.5,92.5,261.5,657.0
24596,14.07.2022,22:35:27,0.952,85.1,0.861,3.9,0.86,410.4,45.2,60.1,77.3,290.4,519.1
24596,14.07.2022,23:07:56,0.957,93.6,0.872,3.91,0.75,404.8,65.2,69.6,61.1,112.6,288.8
24596,14.07.2022,20:56:39,0.864,97.2,0.835,3.55,0.99,355.7,40.6,54.2,62.4,327.3,818.5
24596,14.07.2022,22:11:25,0.996,93.5,0.977,3.71,0.98,378.0,69.1,45.2,96.5,167.5,403.9
24596,14.07.2022,18:17:57,0.904,88.6,0.958,2.7,0.85,371.0,58.5,41.5,77.7,120.0,488.0
24596,14.07.2022,18:45:00,0.934,86.4,0.973,3.05,0.88,344.8,73.5,78.7,80.5,27.1,745.7
24596,14.07.2022,14:33:31,0.882,93.6,0.882,3.34,0.99,357.5,53.7,98.4,89.9,49.5,617.2
24596,14.07.2022,16:21:26,0.817,96.8,0.752,2.5,0.85,383.6,42.2,88.0,98.9,277.0,445.3
24596,14.07.2022,13:40:06,0.738,91.2,0.849,3.67,0.82,355.4,42.4,82.8,99.7,4.3,414.5
24596,14.07.2022,19:32:59,0.745,85.1,0.941,3.87,0.99,367.6,53.4,63.9,60.2,63.8,949.9
24596,14.07.2022,15:23:32,0.918,85.2,0.943,2.81,0.84,419.4,46.0,76.1,89.6,405.4,630.8
24596,14.07.2022,15:18:28,0.793,98.3,0.945,2.11,0.97,330.1,45.7,31.7,79.7,330.1,947.0
24596,14.07.2022,19:49:18,0.783,86.5,0.979,3.49,0.79,424.0,56.5,86.8,93.1,73.2,387.5
24596,14.07.2022,18:31:47,0.87,99.4,0.786,2.09,0.76,406.2,40.7,66.9,44.8,422.6,861.3
24596,14.07.2022,17:40:58,0.789,86.9,0.902,2.33,0.9,403.2,66.2,41.6,41.0,193.6,719.8
24596,14.07.2022,19:51:45,0.962,98.7,0.851,2.37,0.95,338.3,41.9,39.8,89.4,462.1,752.3
24596,14.07.2022,13:04:17,0.862,91.4,0.791,3.97,0.94,349.7,48.0,98.9,96.9,337.9,559.1
24596,14.07.2022,13:28:20,0.802,99.2,0.988,2.24,0.77,429.3,49.8,21.3,48.0,333.1,393.2
24596,14.07.2022,18:26:29,0.85,96.5,0.834,2.93,0.77,417.4,62.4,27.8,44.0,32.3,775.5
24596,14.07.2022,18:52:14,0.993,91.6,0.782,2.02,0.79,342.5,53.1,56.4,94.2,344.6,438.6
24596,14.07.2022,21:51:56,0.971,96.0,0.961,3.49,0.86,387.6,65.3,83.6,64.6,284.2,863.3
24596,14.07.2022,14:08:55,0.83,98.6,0.962,2.07,0.97,401.1,58.3,80.5,40.3,159.8,395.7
24596,14.07.2022,16:41:48,0.924,88.8,0.836,3.91,0.89,355.8,49.7,93.3,70.0,195.4,420.6
24596,14.07.2022,14:46:18,0.987,96.5,0.813,3.76,0.87,344.3,79.4,38.3,88.9,19.2,628.0
24596,14.07.2022,18:55:21,0.957,87.7,0.805,2.53,0.91,406.8,55.8,43.8,46.3,253.4,820.2
24596,14.07.2022,14:54:07,0.74,92.7,0.981,2.08,0.87,362.6,59.1,60.7,66.6,251.4,694.4
24596,14.07.2022,21:43:11,0.769,88.6,0.852,2.57,0.95,350.4,66.8,45.6,92.4,216.5,717.1
24596,14.07.2022,18:31:30,0.97,91.4,0.869,2.48,0.82,340.0,69.4,61.1,63.0,122.8,770.6
24596,14.07.2022,22:05:10,0.856,85.9,0.782,3.1,0.94,362.2,61.6,71.6,83.2,22.1,526.1
24596,14.07.2022,23:45:08,0.78,95.1,0.844,3.59,0.8,396.3,66.6,93.9,52.0,96.4,858.2
24596,14.07.2022,23:02:50,0.828,91.5,0.818,2.48,0.88,404.0,79.3,46.6,69.1,197.3,732.9
24596,14.07.2022,17:04:29,0.929,87.3,0.833,2.97,0.78,430.4,77.5,28.9,54.8,119.1,630.1
24596,14.07.2022,14:23:11,0.865,96.6,0.975,2.85,0.98,344.5,74.7,70.8,84.0,318.1,678.4
24596,14.07.2022,23:36:04,0.79,94.8,0.988,3.05,0.99,374.5,45.1,66.1,67.5,219.1,439.2
24596,14.07.2022,15:19:37,0.729,96.2,0.837,2.76,0.9,377.2,68.6,58.5,78.0,360.9,773.3
24596,14.07.2022,13:07:11,0.759,98.8,0.857,2.43,0.87,357.0,62.7,36.5,93.0,73.4,943.3
24596,14.07.2022,17:08:57,0.901,93.1,0.825,3.76,0.93,331.5,67.1,78.9,71.6,104.5,346.3
24596,14.07.2022,20:32:43,0.845,85.1,0.871,2.49,0.94,431.6,60.4,98.3,68.6,64.0,584.7
24596,14.07.2022,16:27:36,0.793,95.7,0.764,2.74,0.86,330.8,57.5,71.8,89.2,403.6,936.3
24596,14.07.2022,13:41:55,0.877,96.3,0.83,3.25,0.9,402.4,75.5,48.1,96.1,201.7,568.6
24596,14.07.2022,18:58:04,0.887,91.1,0.84,2.98,0.82,372.6,54.3,21.4,82.5,198.4,416.7
24596,14.07.2022,14:52:09,0.882,98.6,0.986,3.76,0.81,345.3,48.1,91.7,61.5,342.9,377.5
24596,14.07.2022,13:38:17,0.899,88.2,0.881,3.59,0.8,339.6,47.2,42.5,95.8,394.4,886.6
24596,14.07.2022,16:48:27,0.851,87.1,0.8,3.02,0.83,409.2,43.7,88.2,41.3,27.3,845.2
24596,14.07.2022,17:34:35,0.946,99.6,0.935,3.83,0.94,352.2,77.7,27.9,88.5,433.4,813.8
24596,14.07.2022,23:27:44,0.706,94.0,0.873,2.3,0.85,340.1,72.3,60.7,83.9,63.1,463.9
24596,14.07.2022,13:47:58,0.829,98.3,0.762,2.08,0.93,372.4,50.7,26.8,98.0,293.8,754.5
24596,14.07.2022,19:37:55,0.802,88.5,0.869,3.85,0.76,394.4,65.4,46.3,43.9,68.2,776.5
24596,14.07.2022,15:08:17,0.801,88.5,0.783,2.15,0.97,407.3,67.9,25.2,94.0,166.3,744.4
24596,14.07.2022,23:35:14,0.916,87.2,0.936,3.97,0.91,381.1,47.1,44.0,81.2,326.6,570.7
24596,14.07.2022,16:12:32,0.998,85.3,0.886,2.21,0.93,372.7,77.5,68.1,70.0,31.5,611.9
24596,14.07.2022,22:24:51,0.971,86.5,0.799,2.09,0.98,418.7,43.9,79.3,78.2,283.5,748.1
24596,14.07.2022,16:14:00,0.931,85.8,0.799,3.92,0.91,353.7,70.1,21.5,88.8,78.4,919.6
24596,14.07.2022,14:54:19,0.952,96.8,0.966,3.49,0.89,370.0,71.8,78.3,93.7,28.0,383.9
24596,14.07.2022,14:35:52,0.789,99.2,0.802,2.73,0.92,382.8,56.0,47.7,93.2,325.6,752.2
24596,14.07.2022,20:26:57,0.958,91.3,0.885,2.37,0.98,356.6,71.0,52.4,41.3,366.8,775.9
24596,14.07.2022,15:25:14,0.845,97.1,0.803,2.27,0.77,407.6,76.5,51.6,68.4,307.5,618.1
24596,14.07.2022,13:05:46,0.953,87.0,0.814,3.59,0.93,373.3,49.8,24.5,76.7,31.2,543.4
24596,14.07.2022,22:32:50,0.851,96.1,0.865,3.13,0.94,357.8,63.1,83.3,57.3,468.0,831.2
24596,14.07.2022,17:03:23,0.8,95.9,0.933,2.83,0.88,398.6,62.4,70.0,41.3,221.2,328.7
24596,14.07.2022,21:31:55,0.887,88.2,0.914,2.19,0.94,339.3,48.4,27.9,75.4,27.9,677.2
24596,14.07.2022,16:01:57,0.714,98.5,0.856,3.65,0.99,359.8,40.9,78.3,54.6,340.4,543.6
24596,14.07.2022,23:24:01,0.955,94.3,0.925,3.47,0.84,356.4,69.3,42.6,54.0,450.7,779.3
24596,14.07.2022,13:55:09,0.967,89.2,0.761,3.16,0.97,421.2,67.4,23.4,91.8,18.4,717.7
24596,14.07.2022,19:53:57,0.766,91.4,0.874,3.0,0.77,400.5,46.7,57.9,66.2,142.7,715.4
24596,14.07.2022,16:00:57,0.962,88.7,0.76,3.64,0.99,377.3,41.0,46.7,43.4,260.8,450.4
24596,14.07.2022,21:44:12,0.857,92.6,0.856,2.51,0.92,356.5,68.7,58.9,50.6,267.3,892.8
24596,14.07.2022,21:57:23,0.725,87.5,0.795,3.63,0.76,438.4,60.6,73.3,89.2,422.5,902.6
24596,14.07.2022,18:53:10,0.711,96.9,0.901,2.57,0.84,375.5,76.9,96.8,55.2,204.8,635.8
24596,14.07.2022,22:25:04,0.908,96.5,0.941,3.67,0.93,419.9,77.0,22.7,90.9,220.1,518.2
24596,14.07.2022,17:44:05,0.982,95.2,0.823,3.21,0.8,343.0,72.7,94.6,83.3,449.2,289.5
24596,14.07.2022,21:32:08,0.819,96.9,0.904,3.51,0.91,416.4,74.6,67.7,55.1,121.6,727.5
24596,14.07.2022,14:36:40,0.757,90.0,0.957,3.54,0.8,337.1,64.0,96.8,99.3,448.2,357.8
24596,14.07.2022,16:00:57,1.0,92.5,0.998,3.44,0.76,367.9,77.1,47.0,44.3,93.2,826.4
24596,14.07.2022,19:17:50,0.7,90.1,0.95,3.9,0.89,352.4,59.7,65.2,87.5,393.0,597.1
24596,14.07.2022,22:20:53,0.779,89.0,0.756,3.8,0.9,334.0,58.8,23.6,43.3,92.1,357.2
24596,14.07.2022,16:34:04,0.965,99.8,0.779,3.68,1.0,415.1,71.0,21.6,68.9,126.7,918.9
24596,14.07.2022,21:44:10,0.826,93.9,0.94,2.57,0.85,375.8,68.2,26.8,91.0,274.2,356.7
24596,14.07.2022,21:27:24,0.989,93.6,0.942,3.46,0.81,360.4,46.6,28.1,46.7,464.7,279.5
24596,14.07.2022,17:44:35,0.713,98.5,0.932,2.07,0.94,378.6,40.8,90.3,44.3,393.5,753.1
24596,14.07.2022,18:05:46,0.727,88.2,0.925,2.36,0.99,369.0,65.6,29.3,96.0,78.3,701.2
24596,14.07.2022,16:00:47,0.823,91.1,0.877,3.29,0.82,436.8,40.2,24.3,64.0,221.2,874.0
24596,14.07.2022,14:41:22,0.808,96.8,0.919,2.81,0.98,426.3,57.2,97.4,57.6,264.4,506.1
24596,14.07.2022,16:10:10,0.772,98.6,0.752,2.31,0.93,373.2,77.4,43.3,46.1,444.4,903.5
24596,14.07.2022,21:25:18,0.727,99.5,0.874,2.52,0.76,383.3,74.8,99.2,43.9,270.1,944.6
24596,14.07.2022,21:22:16,0.744,88.8,0.791,2.8,0.82,405.0,71.8,76.7,43.4,408.9,853.1
24596,14.07.2022,22:19:28,0.71,85.6,0.898,2.76,0.93,391.1,46.0,62.0,93.5,395.3,876.2
24596,14.07.2022,14:08:53,0.846,95.3,0.932,3.7,0.95,343.1,60.1,52.3,64.5,361.2,775.7
24596,14.07.2022,16:08:53,1.0,88.3,0.979,3.88,0.95,383.0,49.4,20.4,99.4,220.1,311.0
24596,14.07.2022,23:55:21,0.802,92.7,0.972,2.16,0.95,417.3,69.3,72.3,94.0,148.5,758.2
24596,14.07.2022,18:02:36,0.793,93.8,0.914,2.32,0.93,422.7,52.4,91.4,74.2,30.4,687.2
24596,14.07.2022,21:34:33,0.71,88.7,0.949,3.78,0.99,437.4,60.8,40.8,92.4,139.1,900.9
24596,14.07.2022,17:26:49,0.759,98.5,0.971,3.13,0.85,343.0,40.9,77.6,75.4,79.1,651.5
24596,14.07.2022,13:38:54,0.975,92.1,0.761,2.38,0.89,331.7,45.5,73.5,84.4,155.9,632.6
24596,14.07.2022,18:17:31,0.861,86.1,0.925,2.43,0.84,366.3,56.9,92.3,55.2,287.8,530.1
24596,14.07.2022,16:04:03,0.803,97.8,0.965,3.07,0.93,342.3,72.8,40.2,51.0,478.2,387.2
24596,14.07.2022,16:44:51,0.805,95.5,0.874,3.14,0.96,410.1,47.0,64.4,51.1,380.8,331.1
24596,14.07.2022,13:35:45,0.9,98.5,0.773,2.0,0.89,391.9,54.7,93.1,79.5,139.9,780.6
24596,14.07.2022,20:43:32,0.709,94.5,0.9,2.88,0.78,403.4,54.2,28.7,67.9,154.5,362.2
24596,14.07.2022,23:53:37,0.857,99.3,0.952,3.43,0.8,348.6,79.6,59.2,72.3,113.5,638.1
24596,14.07.2022,18:23:53,0.931,90.7,0.766,3.96,0.86,373.2,78.7,88.8,89.1,294.7,545.6
24596,14.07.2022,21:06:43,0.716,96.0,0.835,2.43,0.85,353.1,44.8,93.3,86.7,133.1,327.1
24596,14.07.2022,22:40:29,0.84,86.7,0.806,3.1,0.84,331.7,66.9,61.1,73.9,57.7,499.8
24596,14.07.2022,16:01:57,0.714,94.6,0.883,2.07,0.9,429.5,54.8,71.8,80.0,5.5,614.8
24596,14.07.2022,16:13:11,0.805,92.1,0.881,2.87,0.98,388.4,75.9,24.0,82.3,349.3,875.3
24596,14.07.2022,21:24:13,0.726,96.1,0.948,3.99,0.92,398.2,63.9,40.2,84.1,114.5,447.1
24596,14.07.2022,22:48:41,0.936,94.3,0.883,3.13,0.84,383.4,40.1,24.7,44.0,86.7,539.3
24596,14.07.2022,20:57:33,0.959,87.4,0.974,2.09,0.94,364.8,61.3,53.2,90.3,165.3,739.3
24596,14.07.2022,18:01:07,0.91,96.1,0.754,2.76,0.96,383.2,73.5,45.2,90.4,113.3,605.9
24596,14.07.2022,21:39:38,0.95,95.0,0.813,2.77,0.9,388.1,44.7,32.6,70.9,60.0,728.1
24596,14.07.2022,14:13:27,0.715,88.3,0.982,2.06,0.97,420.5,43.7,22.5,53.0,152.0,684.8
24596,14.07.2022,21:34:30,0.764,88.0,0.887,3.43,0.86,364.5,62.3,61.2,64.7,144.5,595.0
24596,14.07.2022,15:25:54,0.752,89.2,0.771,3.64,0.86,418.4,50.5,27.8,49.6,343.5,573.2
24596,14.07.2022,20:52:50,0.863,99.3,0.972,3.78,0.86,375.6,59.1,64.2,60.5,235.6,281.1
24596,14.07.2022,21:35:29,0.71,98.7,0.857,2.18,1.0,336.3,55.3,66.6,53.9,58.5,579.9
24596,14.07.2022,14:10:00,0.935,98.3,0.772,2.13,0.89,352.7,74.5,74.2,52.8,269.3,550.3
24596,14.07.2022,23:34:22,0.981,85.9,0.838,3.35,0.79,433.4,72.0,40.2,43.9,342.8,308.2
24596,14.07.2022,16:52:31,0.932,96.1,0.876,3.44,0.88,376.9,61.0,46.1,56.8,268.9,273.9
24596,14.07.2022,17:02:39,0.985,95.0,0.915,3.79,0.87,393.3,50.3,23.0,54.1,388.9,937.2
24596,14.07.2022,15:18:21,0.962,90.0,0.935,3.35,0.8,339.1,50.0,80.6,42.0,54.3,572.0
24596,14.07.2022,20:46:21,0.798,88.4,0.907,3.09,0.98,382.7,70.6,60.2,41.8,60.7,363.2
24596,14.07.2022,16:21:20,0.78,90.9,0.981,3.65,0.99,361.6,42.1,30.1,64.6,293.0,560.1
24596,14.07.2022,21:00:41,0.829,98.2,0.98,2.72,0.98,349.8,78.0,31.2,77.4,398.8,372.9
24596,14.07.2022,20:43:36,0.725,97.8,0.927,3.11,0.77,390.5,40.4,87.8,50.3,376.7,777.3
24596,14.07.2022,18:49:33,0.971,98.9,0.928,2.11,1.0,347.8,68.6,68.7,57.4,283.0,878.3
24596,14.07.2022,23:45:40,0.804,92.1,0.826,3.73,0.97,366.2,69.7,26.8,54.6,33.6,327.5
24596,14.07.2022,14:23:15,0.943,88.0,0.837,3.88,0.96,429.9,48.7,68.0,55.0,88.3,651.6
24596,14.07.2022,23:36:36,0.924,98.4,0.809,3.76,0.83,399.5,46.0,47.3,44.5,203.4,429.6
24596,14.07.2022,18:58:28,0.806,88.9,0.797,2.03,0.91,426.0,78.8,80.6,89.9,139.0,509.3
24596,14.07.2022,17:57:11,0.811,93.0,0.942,3.5,0.79,385.6,56.1,78.6,66.1,30.9,600.3
24596,14.07.2022,18:37:41,0.958,87.2,0.824,2.0,0.92,425.0,50.4,24.1,73.6,343.5,429.3
24596,14.07.2022,20:42:23,0.934,89.9,0.826,2.32,0.99,367.8,71.0,50.9,49.5,23.8,913.4
24596,14.07.2022,15:30:50,0.967,94.8,0.774,2.33,0.87,388.6,62.8,60.7,60.4,56.3,730.5
24596,14.07.2022,22:13:57,0.802,99.3,0.758,3.56,0.93,332.3,49.8,42.5,43.3,413.1,770.6
24596,14.07.2022,19:06:37,0.784,91.3,0.761,3.16,0.77,397.8,79.8,79.6,41.4,443.4,848.8
24596,14.07.2022,18:10:06,0.886,97.5,0.997,2.73,0.91,334.3,62.1,28.2,93.0,377.7,902.5
24596,14.07.2022,15:08:14,0.775,86.9,0.839,2.12,0.79,415.9,72.9,92.3,78.8,46.6,802.0
24596,14.07.2022,14:20:19,0.801,94.4,0.905,3.12,0.88,378.8,51.2,43.1,67.5,409.2,678.3
24596,14.07.2022,20:18:41,0.976,96.1,0.799,3.07,0.89,428.5,57.7,82.3,84.8,28.5,677.4
24596,14.07.2022,22:50:51,0.956,94.7,0.952,2.45,0.88,345.1,42.7,21.7,43.2,11.9,514.3
24596,14.07.2022,19:15:20,0.826,94.3,0.77,3.14,0.88,430.5,50.4,76.4,87.3,36.9,727.5
24596,14.07.2022,16:24:34,0.997,93.5,0.999,3.8,0.79,382.4,55.7,44.4,49.3,86.9,872.5
24596,14.07.2022,23:19:30,0.872,95.8,0.851,3.93,0.93,362.4,55.7,27.2,93.6,293.7,599.1
24596,14.07.2022,16:13:47,0.99,86.3,0.939,2.51,0.87,360.0,78.5,77.7,42.9,10.3,713.1
24596,14.07.2022,21:53:38,0.995,86.8,0.846,3.2,0.94,354.6,78.9,54.6,88.6,325.6,928.6
24596,14.07.2022,17:22:09,0.944,93.8,0.999,3.92,0.94,436.4,66.5,34.2,67.6,89.4,938.9
24596,14.07.2022,16:02:05,0.726,94.6,0.842,2.59,0.93,376.1,40.8,34.5,66.2,429.8,564.9
24596,14.07.2022,21:47:48,0.733,88.8,0.844,3.8,0.95,350.9,49.7,29.0,57.5,275.1,936.8
24596,14.07.2022,23:55:59,0.706,88.8,0.928,3.57,0.96,373.7,42.2,76.9,96.5,155.7,669.3
24596,14.07.2022,18:14:17,0.821,88.9,0.803,2.79,0.81,350.5,40.6,50.6,49.2,153.3,948.3
24596,14.07.2022,22:12:47,0.924,87.4,0.86,2.16,0.79,351.2,75.5,55.2,79.4,84.6,861.1
24596,14.07.2022,19:07:21,0.836,99.4,0.994,3.24,0.85,438.1,58.3,65.4,43.3,389.0,675.7
24596,14.07.2022,20:16:07,0.91,89.1,0.977,3.98,0.87,376.2,79.8,32.1,77.5,247.8,716.4
24596,14.07.2022,13:38:34,0.873,95.5,0.824,3.09,0.92,405.0,57.1,63.9,97.7,235.2,367.5
24596,14.07.2022,20:15:57,0.964,93.2,0.897,2.3,0.77,398.4,73.0,78.7,61.7,274.2,516.1
24596,14.07.2022,23:46:34,0.899,85.5,0.811,2.56,0.75,384.2,46.7,98.6,51.2,174.6,788.4
24596,14.07.2022,22:44:48,0.863,94.6,0.805,3.61,0.79,349.6,72.7,50.8,57.3,328.5,581.5
24596,14.07.2022,23:01:16,0.85,99.5,0.988,2.58,0.78,398.6,76.9,65.0,83.3,163.6,667.9
24596,14.07.2022,15:58:15,0.753,95.7,0.928,2.47,0.77,398.3,43.8,48.8,70.6,138.4,609.8
24596,14.07.2022,19:30:04,0.832,99.3,0.924,2.17,0.94,331.5,67.7,52.2,89.4,121.6,897.4
24596,14.07.2022,14:25:51,0.716,97.1,0.878,2.91,0.81,348.3,44.2,50.5,57.0,420.0,806.8
24596,14.07.2022,19:14:00,0.904,85.3,0.836,2.68,0.84,426.6,40.5,36.0,58.6,256.4,699.4
24596,14.07.2022,18:29:39,0.949,94.9,0.855,2.55,0.89,380.4,69.6,34.1,51.8,245.1,491.4
24596,14.07.2022,17:46:54,0.727,97.6,0.759,2.7,0.78,410.2,57.7,72.7,42.0,367.8,557.4
24596,14.07.2022,16:41:36,0.762,96.8,0.944,2.84,0.8,348.2,56.9,98.8,42.5,178.1,734.7
24596,14.07.2022,21:19:04,0.74,99.7,0.752,3.05,0.79,357.8,76.1,68.3,93.3,98.0,510.5
24596,14.07.2022,18:13:54,0.937,92.8,0.96,2.59,0.94,336.4,76.6,89.3,59.9,380.8,407.5
24596,14.07.2022,19:51:38,0.971,93.0,0.981,3.74,0.91,405.1,77.4,77.0,99.2,53.8,904.2
24596,14.07.2022,18:36:42,0.733,85.4,0.93,2.31,0.98,410.2,54.6,77.0,78.2,409.1,312.1
24596,14.07.2022,17:48:45,0.975,97.6,0.824,2.57,0.93,346.5,59.1,68.9,60.2,292.5,782.3
24596,14.07.2022,21:58:36,0.981,88.6,0.881,3.93,0.97,362.0,70.2,54.9,91.6,441.9,747.8
24596,14.07.2022,14:20:57,0.888,91.7,0.987,3.0,0.84,352.5,76.6,89.4,90.7,99.8,833.1
24596,14.07.2022,22:31:56,0.961,94.0,0.96,3.86,0.91,349.4,67.3,72.4,90.4,246.2,784.3
24596,14.07.2022,22:11:16,0.726,97.1,0.987,3.95,0.77,393.9,70.1,44.0,49.3,246.8,515.7
24596,14.07.2022,18:17:04,0.854,93.5,0.836,2.62,0.88,381.9,65.5,30.8,79.8,393.2,323.0
24596,14.07.2022,15:48:24,0.906,99.7,0.877,2.1,0.84,368.8,69.5,95.1,97.2,211.0,700.9
24596,14.07.2022,16:35:34,0.98,99.4,0.966,2.61,0.94,429.7,77.6,21.9,56.2,271.7,816.9
24596,14.07.2022,23:27:55,0.802,85.4,0.761,2.51,0.9,363.0,73.9,69.0,54.4,357.7,645.4
24596,14.07.2022,13:06:21,0.862,97.7,0.767,3.24,0.98,393.2,55.6,91.7,61.9,194.4,492.1
24596,14.07.2022,22:19:18,0.936,87.1,0.928,3.38,0.79,344.0,56.6,68.2,92.4,121.5,864.9
24596,14.07.2022,14:00:45,0.774,97.5,0.878,2.28,0.87,401.4,79.8,76.7,94.7,403.4,804.4
24596,14.07.2022,22:45:56,0.712,91.3,0.999,2.45,0.98,352.0,41.3,82.0,92.3,79.1,934.4
24596,14.07.2022,15:53:05,0.758,88.0,0.922,3.01,0.76,337.5,52.6,60.6,55.6,374.4,357.8
24596,14.07.2022,13:53:15,0.943,98.4,0.951,2.66,0.96,331.7,47.1,51.2,50.6,439.4,697.3
24596,14.07.2022,22:34:58,0.863,92.5,0.947,2.35,0.85,340.7,77.9,99.3,60.8,235.3,523.0
24596,14.07.2022,16:44:40,0.756,87.7,0.958,2.1,1.0,347.2,53.6,53.8,84.8,404.6,558.2
24596,14.07.2022,16:46:03,0.973,92.3,0.876,3.36,0.95,389.7,65.6,59.1,80.1,445.9,348.8
24596,14.07.2022,13:58:06,0.954,86.1,0.852,3.37,0.85,331.2,57.9,69.6,87.4,44.0,710.7
24596,14.07.2022,18:32:28,0.961,95.4,0.922,3.25,0.97,377.5,56.2,82.2,80.9,49.9,386.7
24596,14.07.2022,23:36:16,0.798,95.7,0.91,3.01,0.91,333.7,42.4,71.9,97.1,33.2,374.3
24596,14.07.2022,15:40:53,0.91,92.6,0.878,2.52,0.87,373.4,41.4,23.9,70.5,276.8,717.5
24596,14.07.2022,23:27:09,0.924,90.3,0.988,3.92,0.76,436.4,45.3,74.0,65.8,322.8,767.0
24596,14.07.2022,18:43:04,0.734,87.9,0.768,2.1,0.88,435.9,77.5,89.5,42.2,279.8,278.2
24596,14.07.2022,23:22:38,0.72,85.3,0.919,3.57,0.86,342.6,56.2,59.9,67.9,40.5,777.8
24596,14.07.2022,18:49:11,0.974,88.7,0.979,3.55,0.76,334.0,45.9,59.7,59.4,308.0,896.6
24596,14.07.2022,17:37:21,0.769,92.4,0.85,3.62,0.98,363.8,51.1,78.7,50.9,1.5,936.3
24596,14.07.2022,17:09:13,0.975,91.6,0.939,2.01,0.94,437.5,74.6,99.8,91.6,319.6,814.1
24596,14.07.2022,16:31:22,0.851,90.6,0.936,2.52,0.84,366.2,58.5,45.8,50.1,447.8,753.1
24596,14.07.2022,20:09:24,0.949,98.0,0.961,2.59,0.9,415.0,76.1,43.8,87.6,313.9,322.4
24596,14.07.2022,18:08:11,0.778,85.2,0.807,3.9,0.85,412.1,52.3,60.0,79.5,442.9,505.8
24596,14.07.2022,23:25:38,0.952,98.0,0.981,3.51,0.99,389.7,64.8,79.1,42.2,311.7,473.1
24596,14.07.2022,23:09:01,0.842,88.0,0.991,3.62,0.88,400.2,57.4,32.3,65.6,411.2,841.0
24596,14.07.2022,15:01:01,0.967,94.0,0.808,3.08,0.92,431.0,47.3,99.0,71.1,136.2,702.9
24596,14.07.2022,16:03:52,0.95,98.2,0.937,3.01,0.85,440.0,46.8,77.4,49.9,325.3,312.9
24596,14.07.2022,20:31:07,0.896,87.3,0.948,2.22,0.88,438.0,76.8,27.4,40.8,106.1,526.4
24596,14.07.2022,19:29:37,0.961,92.6,0.777,3.18,0.85,408.1,72.2,56.0,95.5,356.7,584.7
24596,14.07.2022,23:43:48,0.887,90.6,0.787,3.83,0.76,356.9,45.1,87.3,44.4,308.9,460.3
24596,14.07.2022,14:44:06,0.882,92.7,0.952,3.97,0.8,358.5,60.6,67.8,72.9,271.4,597.6
24596,14.07.2022,14:39:09,0.872,92.7,0.838,3.76,0.95,395.1,46.4,30.3,80.2,215.4,843.6
24596,14.07.2022,20:41:56,0.82,99.3,0.841,2.65,0.9,404.0,61.1,25.1,68.1,62.9,871.1
24596,14.07.2022,15:43:39,0.812,92.4,0.992,3.61,0.83,399.8,48.6,57.9,48.7,449.2,611.0
24596,14.07.2022,14:05:02,0.836,89.0,0.962,3.9,0.9,367.3,46.9,64.2,83.7,68.3,286.0
24596,14.07.2022,16:46:57,0.999,92.9,0.766,3.62,0.78,424.3,44.1,53.9,87.0,239.7,748.6
24596,14.07.2022,18:49:55,0.9,98.6,0.972,3.3,0.93,382.9,52.5,92.4,88.9,33.1,639.7
24596,14.07.2022,18:52:41,0.951,93.4,0.903,3.99,0.91,339.5,68.5,40.6,59.4,468.4,770.2
24596,14.07.2022,16:45:37,0.769,87.5,0.882,3.59,0.87,338.9,60.6,42.4,88.3,442.7,596.4
24596,14.07.2022,14:43:37,0.849,85.2,0.93,3.27,0.77,335.8,41.5,47.9,55.3,85.1,323.3
24596,14.07.2022,19:57:53,0.779,92.2,0.982,3.01,0.99,345.8,56.2,63.4,86.1,83.5,420.7
24596,14.07.2022,22:37:30,0.954,95.1,0.836,2.61,0.76,392.3,65.3,78.0,87.4,79.5,401.6
24596,14.07.2022,22:13:29,0.97,91.6,0.887,3.29,1.0,419.8,44.5,73.6,99.1,451.2,785.8
24596,14.07.2022,19:31:43,0.883,98.7,0.915,3.12,0.81,423.9,58.9,21.5,72.0,448.5,743.9
24596,14.07.2022,17:45:59,0.928,98.5,0.941,3.33,0.97,411.0,44.9,26.2,44.0,63.6,863.2
24596,14.07.2022,20:03:32,0.706,90.1,0.947,3.89,0.91,429.9,72.9,90.0,73.9,441.6,916.3
24596,14.07.2022,14:44:35,0.751,87.0,0.965,2.7,0.86,395.3,42.1,26.1,82.3,414.4,393.5
24596,14.07.2022,18:15:39,0.934,92.3,0.991,2.95,0.85,369.7,78.9,85.5,93.7,458.7,901.3
24596,14.07.2022,20:57:48,0.766,89.8,0.794,2.77,0.98,379.1,55.7,37.1,47.2,367.9,273.7
24596,14.07.2022,19:16:33,0.722,96.6,0.846,2.65,0.95,414.8,70.4,82.7,69.0,391.8,447.9
24596,14.07.2022,16:23:09,0.745,91.5,0.801,3.16,0.91,354.7,67.0,39.9,69.4,223.7,887.4
24596,14.07.2022,21:07:14,0.788,89.5,0.864,2.24,0.96,373.0,71.8,38.8,72.8,296.4,931.4
24596,14.07.2022,13:30:27,0.765,93.9,0.777,2.73,0.77,396.5,50.9,25.3,72.5,272.9,718.0
24596,14.07.2022,14:34:45,0.721,87.7,0.989,2.55,0.91,411.3,64.6,90.5,84.9,387.0,709.5
24596,14.07.2022,20:04:22,0.941,93.7,0.877,3.77,0.86,380.0,41.6,26.1,68.5,322.5,873.2
24596,14.07.2022,19:48:09,0.788,94.9,0.966,2.39,0.94,343.7,64.7,49.4,51.9,153.8,722.1
24596,14.07.2022,14:38:47,0.865,86.8,0.789,2.78,0.79,354.8,44.7,81.5,93.2,138.5,800.7
24596,14.07.2022,23:02:12,0.902,86.9,0.864,2.17,1.0,388.4,45.2,54.6,69.9,192.5,849.1
24596,14.07.2022,20:01:36,0.813,92.5,0.761,2.98,0.77,393.0,71.9,63.0,74.0,152.0,329.8
24596,14.07.2022,22:05:16,0.721,96.6,0.962,3.34,0.83,375.1,76.3,38.1,95.9,16.3,418.2
24596,14.07.2022,18:39:41,0.822,96.6,0.984,2.02,0.83,349.7,61.5,21.1,42.5,305.7,559.2
24596,14.07.2022,18:53:04,0.93,91.3,0.99,2.3,0.93,354.5,43.4,57.1,66.4,117.6,558.8
24596,14.07.2022,20:03:22,0.713,87.6,0.896,3.12,0.85,392.5,47.9,63.6,96.7,238.9,506.8
24596,14.07.2022,22:12:02,0.708,97.3,0.971,2.85,0.94,363.7,56.6,69.8,75.5,278.5,663.5
24596,14.07.2022,13:50:14,0.881,88.5,0.86,3.96,0.85,411.5,40.4,81.1,46.6,388.8,803.7
24596,14.07.2022,13:35:48,0.764,87.7,0.867,3.27,0.92,339.5,63.3,85.0,81.2,266.3,920.3
24596,14.07.2022,20:51:03,0.842,95.3,0.819,3.12,0.76,406.1,52.0,31.5,77.3,414.4,842.5
24596,14.07.2022,18:48:55,0.889,94.4,0.897,2.29,0.86,405.9,53.8,91.1,78.8,379.5,896.8
24596,14.07.2022,14:08:15,0.876,86.1,0.938,2.07,0.87,401.8,43.8,81.3,75.9,409.7,279.6
24596,14.07.2022,23:43:31,0.915,98.0,0.998,2.68,0.92,375.1,58.5,89.8,68.9,451.4,364.5
24596,14.07.2022,20:10:13,0.851,96.5,0.801,3.18,0.83,419.9,75.9,73.6,79.5,432.3,716.9
24596,14.07.2022,14:35:35,0.905,85.4,0.787,2.84,0.96,369.6,77.6,96.3,69.7,295.8,479.2
24596,14.07.2022,21:59:30,0.754,97.3,0.987,2.59,0.8,350.2,68.5,25.3,47.9,366.6,452.2
24596,14.07.2022,18:47:39,0.766,96.9,0.807,3.16,0.85,389.4,44.3,87.4,43.4,284.9,342.5
24596,14.07.2022,15:45:17,0.723,87.2,0.96,2.43,0.76,418.4,65.0,40.7,64.9,188.8,421.0
24596,14.07.2022,13:40:13,0.951,99.6,0.792,2.22,0.99,358.8,59.3,58.0,44.0,207.6,306.7
24596,14.07.2022,13:33:20,0.715,91.7,0.974,2.73,0.96,426.4,71.8,85.0,49.4,248.1,423.4
24596,14.07.2022,16:53:01,0.959,90.8,0.892,2.05,0.82,378.4,73.5,76.3,90.8,281.0,479.8
24596,14.07.2022,15:23:03,0.817,93.9,0.918,2.55,0.9,395.0,44.5,60.9,90.6,325.2,413.9
24596,14.07.2022,23:52:44,0.731,96.8,0.904,2.66,0.93,347.9,66.5,41.9,52.7,254.4,520.7
24596,14.07.2022,18:02:17,0.874,87.1,0.906,2.32,0.81,344.4,46.2,60.3,97.3,298.6,926.3
24596,14.07.2022,15:14:09,0.871,97.4,0.823,3.22,0.92,347.2,43.4,73.7,89.7,359.8,651.7
24596,14.07.2022,18:55:38,0.914,86.0,0.792,2.76,0.84,335.9,70.9,22.7,58.6,167.8,404.5
24596,14.07.2022,13:34:22,0.913,92.4,0.755,2.98,0.81,362.3,76.6,99.1,94.2,475.9,464.5
24596,14.07.2022,22:06:08,0.879,87.6,0.843,3.88,0.98,348.5,47.5,32.7,50.7,394.2,835.5
24596,14.07.2022,21:55:56,0.897,86.6,0.943,3.62,0.94,409.4,79.9,22.7,78.0,451.9,487.3
24596,14.07.2022,23:12:42,0.783,94.4,0.879,2.31,0.93,406.8,46.3,99.1,73.8,109.5,820.0
24596,14.07.2022,15:54:20,0.861,94.5,0.804,3.27,0.85,435.3,51.6,82.4,69.1,118.5,832.4
24596,14.07.2022,19:41:21,0.943,85.2,0.759,3.85,0.81,422.5,48.8,64.0,95.4,71.0,839.2
24596,14.07.2022,22:38:41,0.764,88.1,0.828,3.47,0.89,358.5,64.7,76.2,72.9,133.9,357.2
24596,14.07.2022,14:49:39,0.959,91.7,0.862,3.81,0.87,417.7,44.1,32.7,89.9,155.3,880.1
24596,14.07.2022,15:10:13,0.888,94.3,0.868,3.27,0.95,364.6,61.0,33.8,85.4,283.4,871.9
24596,14.07.2022,20:17:08,0.72,97.8,0.934,2.58,1.0,368.5,46.4,52.7,46.5,0.2,365.8
24596,14.07.2022,19:39:35,0.886,93.3,0.767,2.64,0.79,388.2,41.0,28.2,76.0,414.4,282.5
24596,14.07.2022,21:23:22,0.701,87.1,0.919,2.88,0.93,430.1,43.6,27.2,89.9,126.4,944.1
24596,14.07.2022,19:13:39,1.0,85.7,0.846,2.6,0.88,357.5,71.1,86.3,90.9,322.1,698.4
24596,14.07.2022,16:19:31,0.779,99.2,0.973,3.92,0.9,389.9,56.0,88.6,52.5,303.7,779.2
24596,14.07.2022,15:39:39,0.822,87.1,0.998,3.82,0.81,385.9,46.2,32.6,98.6,163.3,840.2
24596,14.07.2022,13:24:02,0.928,91.2,0.758,2.02,0.76,431.0,54.2,91.0,77.5,219.5,787.8
24596,14.07.2022,23:01:39,0.959,95.1,0.818,2.86,0.85,414.7,59.5,39.5,61.1,348.8,802.5
24596,14.07.2022,13:22:41,0.79,96.4,0.79,3.35,0.98,390.0,65.7,29.5,52.4,465.9,349.0
24596,14.07.2022,23:48:40,0.861,95.4,0.961,2.26,0.9,367.4,54.2,83.4,59.3,96.9,661.9
24596,14.07.2022,23:41:45,0.806,99.2,0.754,3.59,0.86,362.5,66.7,70.5,89.5,344.1,531.2
24596,14.07.2022,23:48:55,0.759,88.0,0.984,2.82,0.78,407.5,46.4,76.9,60.3,422.1,337.5
24596,14.07.2022,13:15:04,0.767,95.7,0.801,3.37,0.77,438.6,46.3,95.0,80.0,94.0,881.6
24596,14.07.2022,13:54:13,0.762,97.6,0.94,2.58,0.99,346.2,73.3,31.8,43.6,372.4,417.2
24596,14.07.2022,19:32:11,0.703,94.6,0.827,2.24,1.0,350.3,55.1,79.4,72.6,445.6,494.6
24596,14.07.2022,14:59:39,0.708,91.8,0.752,2.96,0.8,366.3,41.8,60.2,85.8,75.6,923.4
24596,14.07.2022,15:47:17,0.947,94.9,0.789,2.94,0.81,357.8,47.5,68.7,76.4,182.0,366.4
24596,14.07.2022,23:15:38,0.793,99.6,0.973,2.63,0.82,416.4,43.8,89.9,47.0,277.9,273.2
24596,14.07.2022,23:06:41,0.921,86.4,0.872,3.63,0.77,434.9,66.0,71.2,47.3,386.4,492.6
24596,14.07.2022,23:32:27,0.937,99.6,0.753,3.05,0.78,370.2,59.7,83.5,60.3,268.6,567.9
24596,14.07.2022,19:13:03,0.99,87.0,0.921,2.43,0.86,423.3,69.0,53.0,62.5,78.3,391.2
24596,14.07.2022,18:51:32,0.758,87.4,0.932,2.28,0.79,342.1,65.8,97.2,47.7,158.7,557.7
24596,14.07.2022,20:23:33,0.739,92.2,0.859,3.72,0.75,369.0,48.6,81.3,76.4,87.9,574.5
24596,14.07.2022,16:30:51,0.955,86.0,0.776,3.36,0.97,408.1,57.4,74.8,96.4,295.6,367.3
24596,14.07.2022,14:38:16,0.782,91.1,0.784,3.23,0.94,389.9,64.5,61.4,49.8,444.2,838.7
24596,14.07.2022,17:48:01,0.922,86.4,0.763,2.5,0.78,382.3,79.3,82.4,52.9,448.0,905.6
24596,14.07.2022,16:50:05,0.718,85.8,0.919,2.82,1.0,436.5,65.5,40.2,85.2,405.2,388.4
24596,14.07.2022,21:01:16,0.77,90.5,0.799,3.49,0.77,341.1,64.7,56.6,80.6,479.6,696.7
24596,14.07.2022,23:48:28,0.785,95.4,0.855,3.29,0.82,412.8,58.2,85.5,63.8,252.8,677.5
24596,14.07.2022,14:17:43,0.866,98.5,0.924,2.41,0.97,372.6,72.0,30.3,68.0,402.4,561.8
24596,14.07.2022,16:45:09,0.74,90.0,0.951,2.05,0.97,383.6,68.3,79.0,84.4,192.3,902.3
24596,14.07.2022,22:42:21,0.806,90.5,0.874,2.42,0.8,399.3,70.1,90.4,68.0,246.9,943.9
24596,14.07.2022,22:06:30,0.841,99.9,0.811,3.84,0.76,413.9,40.3,28.9,85.0,378.9,745.4
24596,14.07.2022,14:54:24,0.832,99.2,0.83,3.59,0.89,392.6,55.9,32.4,55.5,435.8,864.5
24596,14.07.2022,14:54:28,0.834,85.6,0.965,2.81,0.92,341.8,45.0,26.4,77.5,194.2,533.1
24596,14.07.2022,16:39:37,0.712,93.4,0.946,3.19,0.78,365.7,49.5,58.2,81.4,405.8,606.6
24596,14.07.2022,13:02:24,0.972,93.1,0.817,3.3,0.88,386.6,67.2,43.8,96.2,447.3,895.0
24596,14.07.2022,21:35:05,0.919,86.3,0.752,3.42,0.89,420.1,78.3,61.1,92.5,177.5,793.5
24596,14.07.2022,22:27:01,0.895,88.8,0.861,3.6,0.95,344.9,73.6,34.7,42.0,324.2,511.6
24596,14.07.2022,23:17:34,0.956,96.6,0.987,2.61,0.92,406.6,64.1,70.1,76.8,247.7,746.9
24596,14.07.2022,14:22:34,0.786,90.9,0.976,3.35,0.87,412.5,74.4,47.7,82.0,274.0,868.8
24596,14.07.2022,19:32:38,0.883,95.4,0.9,2.55,0.98,375.1,62.7,89.3,84.1,437.2,650.6
24596,14.07.2022,22:08:08,0.903,98.5,0.954,3.95,0.8,356.1,40.6,81.7,86.8,311.8,848.9
24596,14.07.2022,13:03:26,0.817,98.7,0.862,2.98,0.84,331.7,65.9,64.3,53.9,256.3,937.3
24596,14.07.2022,13:10:28,0.781,95.1,0.819,3.17,0.94,399.4,68.7,58.2,97.8,438.2,570.4
24596,14.07.2022,15:05:20,0.974,96.9,0.906,3.61,0.85,438.8,42.0,74.3,93.3,279.7,328.5
24596,14.07.2022,21:36:21,0.927,87.2,0.872,2.06,0.9,429.0,73.3,57.7,71.7,218.2,717.8
24596,14.07.2022,21:50:27,0.936,85.4,0.962,2.67,0.97,429.7,64.4,59.8,99.3,186.3,508.3
24596,14.07.2022,14:50:40,0.907,99.9,0.971,2.9,0.82,331.1,59.4,49.0,67.6,94.7,277.0
24596,14.07.2022,23:16:07,0.801,98.0,0.916,3.15,0.78,334.5,45.8,92.6,89.4,430.4,683.0
24596,14.07.2022,21:37:22,0.902,89.6,0.794,2.48,0.87,380.1,76.3,22.9,86.0,162.5,810.9
24596,14.07.2022,19:15:06,0.782,97.9,0.783,2.94,0.8,336.3,77.2,27.1,63.7,331.0,711.0
24596,14.07.2022,19:55:52,0.78,96.7,0.881,3.88,0.82,345.2,63.5,58.5,44.7,399.1,608.6
24596,14.07.2022,22:53:33,0.767,95.9,0.824,3.51,0.99,389.1,41.6,21.7,98.7,405.2,413.6
24596,14.07.2022,20:40:47,0.81,93.5,0.981,3.72,0.78,439.3,73.4,42.7,78.5,154.2,440.0
24596,14.07.2022,17:06:05,0.852,86.8,0.762,3.98,0.8,389.8,40.7,61.9,85.4,64.5,441.1
24596,14.07.2022,23:31:56,0.95,85.1,0.886,3.53,0.85,396.2,75.1,57.4,77.8,155.3,279.1
24596,14.07.2022,23:15:29,0.966,96.4,0.916,2.26,0.81,346.5,76.2,39.1,71.0,366.3,899.2
24596,14.07.2022,17:12:08,0.891,85.2,0.77,2.67,0.81,352.3,50.5,93.8,44.2,31.1,786.2
24596,14.07.2022,18:02:10,0.855,92.1,0.868,2.29,0.75,354.4,63.2,40.5,99.0,76.2,479.0
24596,14.07.2022,22:30:24,0.794,93.7,0.962,2.66,0.8,338.3,56.3,24.6,64.0,98.3,719.0
24596,14.07.2022,20:37:04,0.732,98.7,0.981,3.2,0.98,374.3,43.0,27.3,58.5,466.0,295.7
24596,14.07.2022,21:11:12,0.794,97.2,0.926,3.21,0.77,403.7,75.3,28.5,48.4,462.5,397.9
24596,14.07.2022,21:09:40,0.944,89.1,0.995,3.87,0.77,371.4,55.4,89.9,97.7,473.7,918.3
24596,14.07.2022,17:21:49,0.949,91.0,0.852,2.09,0.96,430.0,51.4,21.9,86.4,436.1,391.9
24596,14.07.2022,20:03:26,0.882,93.3,0.853,2.43,0.78,357.8,53.4,84.4,86.4,166.7,848.1
24596,14.07.2022,19:00:00,0.935,90.8,0.772,3.65,0.79,375.4,61.7,28.2,57.7,48.3,666.0
24596,14.07.2022,15:17:24,0.825,96.2,0.779,2.2,0.84,346.7,52.9,69.4,85.5,68.7,924.7
24596,14.07.2022,17:32:31,0.997,90.2,0.873,2.04,0.8,436.0,63.2,47.4,44.8,298.1,313.3
24596,14.07.2022,22:49:42,0.958,90.3,0.859,2.38,0.91,383.9,68.4,66.0,64.1,174.0,480.0
24596,14.07.2022,21:44:24,0.746,86.7,0.809,3.15,0.88,344.1,66.0,39.3,77.2,31.4,896.7
24596,14.07.2022,13:52:33,0.805,94.9,0.851,2.05,0.78,410.1,62.2,53.2,69.6,9.9,429.5
24596,14.07.2022,23:39:38,0.747,86.0,0.892,3.32,0.98,383.3,43.2,34.0,43.1,303.5,575.1
24596,14.07.2022,18:46:29,0.951,90.4,0.801,2.49,0.82,433.3,75.8,67.8,70.2,400.0,611.5
24596,14.07.2022,16:55:18,0.875,88.7,0.781,3.91,0.88,383.0,59.9,45.1,66.8,414.3,670.3
24596,14.07.2022,19:24:31,0.846,97.1,0.848,2.01,0.77,434.7,61.6,54.5,91.4,327.2,380.3
24596,14.07.2022,13:09:39,0.895,88.1,0.963,3.89,0.85,429.4,42.5,79.7,54.5,114.5,424.4
24596,14.07.2022,13:27:14,0.955,95.1,0.846,2.83,0.87,389.8,61.2,36.6,50.1,125.4,797.4
24596,14.07.2022,13:01:18,0.738,98.2,0.761,3.92,0.91,380.0,40.4,64.0,84.5,179.1,527.8
24596,14.07.2022,23:19:31,0.737,95.3,0.805,3.84,0.9,364.5,54.8,52.9,82.0,33.9,871.4
24596,14.07.2022,19:09:28,0.782,91.1,0.792,3.42,0.97,350.0,40.4,51.5,56.5,268.1,341.0
24596,14.07.2022,21:16:28,0.975,87.9,0.965,2.1,0.82,431.6,48.7,43.9,76.4,168.7,593.0
24596,14.07.2022,18:06:16,0.857,87.9,0.861,2.74,0.78,388.0,62.9,31.1,51.2,80.1,587.4
24596,14.07.2022,23:51:18,0.809,86.8,0.895,3.77,0.78,420.3,66.4,76.0,41.0,444.7,836.8
24596,14.07.2022,15:07:39,0.819,91.6,0.85,2.64,0.8,338.3,54.1,80.9,61.8,371.4,285.4
24596,14.07.2022,15:35:36,0.768,89.8,0.753,3.46,0.87,378.4,77.8,59.5,81.0,335.4,684.4
24596,14.07.2022,15:22:18,0.944,91.0,0.865,2.87,0.91,383.9,46.8,49.8,66.2,435.0,611.1
24596,14.07.2022,16:52:13,0.893,99.2,0.84,2.31,1.0,370.9,74.8,49.2,59.0,6.9,480.5
24596,14.07.2022,18:12:45,0.851,95.0,0.944,3.83,0.99,351.6,74.0,40.2,84.2,87.5,856.1
24596,14.07.2022,21:35:29,0.857,93.7,0.764,3.27,1.0,390.5,52.3,47.5,80.8,354.8,421.1
24596,14.07.2022,22:21:08,0.859,95.0,0.828,2.49,0.96,361.0,44.3,94.6,63.7,211.0,281.5
24596,14.07.2022,13:00:07,0.749,88.0,0.811,2.42,0.92,345.8,54.4,53.5,62.1,86.7,914.9
24596,14.07.2022,22:50:22,0.998,89.6,0.995,2.6,0.94,392.9,63.8,92.1,58.0,460.7,299.0
24596,14.07.2022,20:26:08,0.894,86.9,0.837,3.91,0.91,401.5,58.4,76.8,86.0,143.4,769.4
24596,14.07.2022,15:56:52,0.991,92.7,0.767,3.11,0.91,346.0,50.5,86.5,43.7,316.3,851.2
24596,14.07.2022,21:12:00,0.706,99.8,0.803,3.21,0.99,340.2,40.9,44.1,57.9,244.7,819.1
24596,14.07.2022,14:37:05,0.943,89.7,0.844,2.66,0.94,332.2,78.6,83.5,77.3,202.4,305.7
24596,14.07.2022,17:43:39,0.948,95.5,0.849,3.07,0.95,439.1,78.8,26.2,61.5,399.7,609.9
24596,14.07.2022,20:18:32,0.834,94.5,0.765,3.79,0.82,371.2,42.8,27.1,93.4,415.9,629.6
24596,14.07.2022,13:38:23,0.896,95.4,0.9,2.29,0.96,389.6,77.4,72.7,47.5,55.8,417.0
24596,14.07.2022,15:49:15,0.74,98.4,0.785,3.93,0.91,414.4,45.2,87.6,66.7,33.7,372.1
24596,14.07.2022,17:18:08,0.735,91.4,0.788,3.55,1.0,335.1,66.1,51.8,49.4,429.3,278.9
24596,14.07.2022,23:43:15,0.916,86.4,0.866,3.77,0.88,373.6,64.6,58.2,89.9,146.9,639.6
24596,14.07.2022,20:38:19,0.959,90.5,0.995,3.64,0.92,381.6,70.4,46.1,69.0,98.1,380.2
24596,14.07.2022,16:28:52,0.899,95.9,0.916,2.99,0.86,347.9,41.3,69.7,65.0,317.9,751.2
24596,14.07.2022,13:17:23,0.985,89.5,0.78,2.58,0.78,407.9,44.4,91.4,73.6,121.2,432.5
24596,14.07.2022,21:23:02,0.813,98.0,0.894,3.17,0.87,417.6,41.4,20.6,44.3,26.9,354.4
24596,14.07.2022,14:59:20,0.84,99.7,0.877,2.34,0.95,423.9,58.8,59.9,70.1,102.0,539.6
24596,14.07.2022,22:10:07,0.854,95.3,0.755,2.36,0.96,403.9,47.0,82.9,51.1,295.9,900.4
24596,14.07.2022,23:52:32,0.828,93.9,0.811,3.9,0.96,342.3,40.4,52.0,49.4,190.8,301.4
24596,14.07.2022,16:06:18,0.946,97.5,0.895,3.4,0.79,399.2,53.2,76.9,92.7,46.3,837.3
24596,14.07.2022,19:35:44,0.901,96.3,0.776,2.18,0.94,406.9,66.4,45.9,48.6,443.0,678.0
24596,14.07.2022,16:58:11,0.841,98.1,0.903,3.49,0.92,346.0,61.0,37.8,61.7,171.4,291.8
24596,14.07.2022,22:54:57,0.72,92.5,0.974,2.72,0.99,402.5,66.0,42.4,81.4,49.6,367.0
24596,14.07.2022,13:06:25,0.739,94.2,0.79,3.1,0.92,347.2,57.7,43.9,67.0,106.8,829.0
24596,14.07.2022,17:32:23,0.945,90.3,0.853,3.42,0.84,438.5,60.3,36.9,51.0,202.6,286.0
24596,14.07.2022,13:45:46,0.827,91.5,0.946,3.32,0.96,388.5,54.0,20.6,56.9,50.4,448.2
24596,14.07.2022,14:50:55,0.902,91.2,0.873,3.76,0.85,404.7,56.8,21.7,98.6,73.2,937.0
24596,14.07.2022,16:53:19,0.782,99.9,0.925,3.74,0.86,425.8,57.6,29.6,69.5,250.6,657.1
24596,14.07.2022,20:40:07,0.783,91.8,0.876,3.19,0.92,337.0,59.8,30.5,92.4,160.5,298.7
24596,14.07.2022,16:43:51,0.775,95.0,0.949,2.27,0.89,357.3,41.8,37.0,89.0,410.0,569.1
24596,14.07.2022,18:49:57,0.772,92.5,0.752,3.2,0.91,345.6,45.4,24.0,82.1,373.8,558.8
24596,14.07.2022,14:36:06,0.77,85.2,0.823,3.65,0.77,408.9,68.3,37.2,92.0,5.7,411.3
24596,14.07.2022,22:34:40,0.952,92.8,0.971,2.61,0.82,352.4,68.3,82.0,42.2,143.3,546.8
24596,14.07.2022,22:23:48,0.726,93.3,0.787,3.94,0.89,350.8,57.5,91.7,49.2,387.3,468.6
24596,14.07.2022,20:25:31,0.76,87.5,0.783,2.15,0.77,403.7,68.5,24.9,92.6,279.8,447.0
24596,14.07.2022,20:01:12,0.898,97.7,0.943,2.44,0.89,360.8,58.9,25.4,77.0,93.8,398.6
24596,14.07.2022,22:01:21,0.828,98.6,0.752,3.7,0.98,429.8,64.0,84.5,71.1,61.7,377.4
24596,14.07.2022,18:21:31,0.846,92.2,0.902,3.78,0.82,393.4,76.8,71.1,63.5,156.6,833.4
24596,14.07.2022,16:16:24,0.736,91.4,0.828,3.15,0.83,342.9,64.7,49.9,71.7,335.5,722.8
24596,14.07.2022,22:48:35,0.731,93.5,0.781,3.02,0.78,347.2,41.3,65.6,67.4,111.0,759.3
24596,14.07.2022,14:36:18,0.812,97.2,0.976,3.58,0.78,364.4,62.1,80.7,69.9,407.4,730.3
24596,14.07.2022,21:28:13,0.812,89.5,0.833,3.54,0.87,356.2,69.7,84.0,80.1,152.9,850.1
24596,14.07.2022,18:31:27,0.823,90.7,0.821,2.05,0.82,387.4,62.3,66.4,53.1,340.7,280.1
24596,14.07.2022,18:32:24,0.762,97.3,0.775,3.79,0.95,346.5,60.0,55.9,98.7,409.4,548.4
24596,14.07.2022,16:31:24,0.998,91.2,0.998,2.68,0.78,378.4,48.3,36.2,47.3,309.1,405.9
24596,14.07.2022,15:42:53,0.728,97.8,0.92,2.43,0.96,332.9,72.6,95.6,69.9,395.0,938.4
24596,14.07.2022,19:28:37,0.758,97.8,0.777,3.37,0.92,404.1,60.8,80.4,55.5,75.6,589.8
24596,14.07.2022,20:45:29,0.786,98.4,0.83,2.82,0.97,384.5,75.1,91.6,64.8,233.7,727.5
24596,14.07.2022,22:17:11,0.806,94.4,0.958,2.95,0.83,430.9,60.5,28.6,50.4,359.9,813.2
24596,14.07.2022,23:26:21,0.884,96.3,0.968,2.65,0.77,419.2,70.7,28.1,45.2,168.0,496.7
24596,14.07.2022,19:29:49,0.791,92.6,0.906,2.58,0.87,369.5,69.3,66.7,89.2,134.3,864.0
24596,14.07.2022,17:48:25,0.764,98.6,0.762,3.78,0.87,339.8,46.7,26.0,74.6,149.2,447.8
24596,14.07.2022,23:24:15,0.744,86.0,0.806,2.59,0.83,422.9,57.8,58.0,70.8,393.4,684.2
24596,14.07.2022,23:32:39,0.866,90.0,0.891,2.63,0.89,332.0,41.1,78.1,50.2,337.6,719.3
24596,14.07.2022,15:05:46,0.967,98.9,0.965,3.66,0.8,365.8,58.7,92.7,73.3,71.7,947.0
24596,14.07.2022,17:29:38,0.91,87.6,0.795,2.64,0.98,381.8,62.4,63.9,72.0,179.7,707.2
24596,14.07.2022,13:55:24,0.8,95.3,0.88,2.96,0.82,411.8,64.8,33.0,91.3,59.0,905.9
24596,14.07.2022,15:08:22,0.809,90.4,0.977,3.82,0.84,431.7,46.2,29.4,48.4,120.1,521.0
24596,14.07.2022,14:56:15,0.883,99.3,0.762,2.34,0.75,411.9,74.0,22.3,94.3,244.5,627.5
24596,14.07.2022,19:24:37,0.961,93.7,0.994,3.02,0.87,395.8,62.8,21.7,94.4,330.6,518.5
24596,14.07.2022,23:47:10,0.919,93.6,0.975,3.31,0.92,346.5,72.2,91.6,66.4,126.1,537.6
24596,14.07.2022,19:12:56,0.866,89.2,0.855,2.95,0.89,334.6,40.0,32.3,81.4,260.0,623.5
24596,14.07.2022,22:19:50,0.992,95.4,0.946,3.39,0.99,332.2,44.4,48.2,44.2,132.4,290.4
24596,14.07.2022,19:23:34,0.748,96.8,0.974,3.52,0.97,378.5,54.6,45.9,56.4,380.3,736.6
24596,14.07.2022,18:37:33,0.819,94.1,0.783,2.4,0.93,401.1,63.6,22.4,42.2,115.4,713.9
24596,14.07.2022,18:28:53,0.884,96.1,0.885,2.28,0.88,364.5,78.3,39.7,42.3,84.2,776.6
24596,14.07.2022,14:36:39,0.995,92.4,0.774,3.98,0.89,426.7,61.9,24.2,75.8,147.9,903.3
24596,14.07.2022,23:17:09,0.883,86.6,0.837,3.96,1.0,409.1,56.7,72.6,90.5,87.9,833.3
24596,14.07.2022,13:03:05,0.93,98.6,0.924,2.02,0.93,399.0,43.2,38.5,51.4,137.8,540.1
24596,14.07.2022,21:50:58,0.795,94.5,0.973,3.91,0.87,386.7,45.5,37.7,65.0,212.0,707.1
24596,14.07.2022,13:37:21,0.916,96.4,0.782,2.59,1.0,332.3,41.0,77.0,66.4,361.1,407.1
24596,14.07.2022,22:55:46,0.869,89.0,0.882,3.03,0.8,409.2,71.9,61.3,95.6,147.5,754.9
24596,14.07.2022,16:50:40,0.99,86.3,0.761,3.63,0.81,361.3,67.8,65.5,48.6,354.4,341.0
24596,14.07.2022,23:15:54,0.829,90.4,0.809,2.92,0.77,422.7,69.9,67.9,47.2,46.0,761.0
24596,14.07.2022,16:42:32,0.951,95.8,0.776,2.22,0.86,353.1,60.4,66.7,76.6,253.9,343.8
24596,14.07.2022,16:11:25,0.793,95.4,0.926,2.72,0.87,402.7,43.6,35.3,54.4,371.4,668.7
24596,14.07.2022,15:17:59,0.827,88.2,0.809,3.79,0.84,407.9,66.0,29.0,78.4,465.4,718.7
24596,14.07.2022,16:08:33,0.756,90.0,0.985,3.01,0.97,437.5,74.9,75.3,80.0,221.5,325.1
24596,14.07.2022,22:41:02,0.801,92.4,0.83,3.47,0.97,375.3,50.4,74.1,73.4,455.6,349.4
24596,14.07.2022,13:12:44,0.997,87.9,0.848,2.81,0.94,410.4,57.3,25.6,92.5,440.4,819.0
24596,14.07.2022,15:44:42,0.859,93.4,0.932,3.06,0.76,425.3,59.3,25.4,95.8,76.9,429.4
24596,14.07.2022,20:50:31,0.874,94.4,0.922,2.26,0.77,357.6,60.5,66.0,94.8,101.6,336.1
24596,14.07.2022,20:46:09,0.796,96.1,0.834,3.49,0.84,375.8,66.2,55.8,79.8,217.9,511.9
24596,14.07.2022,22:06:19,0.837,99.2,0.762,2.03,0.93,404.9,66.1,94.1,57.8,193.0,598.3
24596,14.07.2022,15:42:27,0.92,98.9,0.988,3.4,0.86,423.3,79.3,70.5,46.4,152.3,557.8
24596,14.07.2022,13:13:21,0.799,97.8,0.887,3.58,0.91,417.2,67.7,56.1,46.9,109.9,485.5
24596,14.07.2022,14:59:50,0.82,87.2,0.91,3.84,0.89,424.5,62.1,67.3,70.2,11.5,803.4
24596,14.07.2022,20:17:01,0.756,95.9,0.831,2.39,0.86,373.0,78.5,71.6,72.8,434.3,601.3
24596,14.07.2022,20:46:02,0.832,89.1,0.77,2.78,0.91,370.9,53.1,42.2,46.2,225.1,372.9
24596,14.07.2022,20:02:17,0.758,92.9,0.791,2.07,0.94,362.6,40.2,56.8,75.5,64.5,607.4
24596,14.07.2022,16:08:37,0.981,89.9,0.887,2.9,0.88,344.9,47.5,81.8,60.4,119.0,777.1
24596,14.07.2022,14:15:05,0.908,96.5,0.776,3.48,0.84,359.1,52.9,23.6,47.5,204.0,409.1
24596,14.07.2022,22:11:13,0.975,95.1,0.93,3.95,0.81,377.1,67.8,90.1,59.0,9.7,370.6
24596,14.07.2022,17:55:36,0.735,95.6,0.758,2.09,0.89,365.5,45.4,36.5,72.1,89.3,876.7
24596,14.07.2022,15:54:09,0.961,97.8,0.937,2.14,0.94,330.8,48.4,45.2,51.4,471.3,439.1
24596,14.07.2022,22:46:46,0.723,85.9,0.956,3.61,0.97,416.9,65.6,50.0,92.2,361.9,513.9
24596,14.07.2022,18:06:59,0.85,87.6,0.843,3.74,0.79,411.2,75.8,68.2,61.9,435.6,819.4
24596,14.07.2022,18:08:00,0.727,86.8,0.857,2.55,0.89,352.0,54.2,31.9,98.0,315.4,587.7
24596,14.07.2022,19:52:22,0.858,97.9,0.809,2.29,0.81,402.2,66.5,88.1,70.6,272.8,500.4
24596,14.07.2022,18:55:58,0.764,90.7,0.894,2.66,0.82,393.1,47.6,74.9,71.8,214.4,313.7
24596,14.07.2022,20:25:24,0.921,89.7,0.819,2.5,0.78,363.7,55.2,21.1,77.8,2.9,303.6
24596,14.07.2022,14:24:02,0.793,93.1,0.973,2.78,0.99,432.3,73.1,56.7,45.8,434.3,742.9
24596,14.07.2022,21:00:11,0.802,93.2,0.773,3.67,0.99,364.0,75.5,95.3,56.8,292.4,801.4
24596,14.07.2022,15:59:41,0.819,94.9,0.88,3.05,0.92,405.3,66.2,28.6,84.7,89.5,393.8
24596,14.07.2022,19:37:19,0.721,94.2,0.875,3.59,0.9,362.5,51.7,76.4,82.0,416.7,694.3
24596,14.07.2022,18:42:09,0.829,85.1,0.858,2.74,0.96,358.0,76.3,61.5,40.6,335.4,836.6
24596,14.07.2022,14:09:11,0.973,94.3,0.968,2.89,0.75,387.4,72.3,90.2,73.5,11.9,484.1
24596,14.07.2022,16:25:45,0.732,94.7,0.883,3.47,0.88,366.7,43.5,21.2,74.7,278.2,875.8
24596,14.07.2022,15:51:05,0.964,99.1,0.923,2.98,0.93,388.0,73.5,32.2,55.7,104.5,748.8
24596,14.07.2022,15:18:55,0.982,95.1,0.766,3.55,0.91,406.1,42.4,28.5,89.9,213.8,944.4
24596,14.07.2022,22:37:47,0.712,96.6,0.975,3.85,0.88,390.1,79.7,69.0,51.3,321.2,392.8
24596,14.07.2022,14:38:10,0.919,88.7,0.994,3.97,0.96,387.7,77.2,46.1,74.3,455.9,370.0
24596,14.07.2022,19:37:11,0.924,91.7,0.984,2.36,0.88,336.0,56.7,54.5,49.8,307.6,553.9
24596,14.07.2022,13:43:27,0.928,89.5,0.977,2.12,0.81,414.6,69.6,68.4,49.1,333.0,378.3
24596,14.07.2022,18:54:05,0.909,91.3,0.908,2.23,0.79,385.2,77.5,77.8,84.2,109.1,408.8
24596,14.07.2022,15:08:20,0.98,96.1,0.778,2.46,0.9,385.1,44.1,41.8,95.0,172.1,708.9
24596,14.07.2022,15:57:07,0.71,86.5,0.996,3.33,0.86,413.6,67.5,30.5,86.1,200.7,610.9
24596,14.07.2022,20:02:50,0.822,94.4,0.891,2.54,0.81,353.0,56.6,42.3,71.5,153.7,917.0
24596,14.07.2022,20:16:27,0.823,92.4,0.973,2.03,0.89,356.1,54.0,27.7,72.9,112.3,588.5
24596,14.07.2022,21:51:29,0.842,88.3,0.942,2.1,0.88,351.3,61.9,78.3,94.5,370.7,573.2
24596,14.07.2022,19:09:11,0.871,87.1,0.928,2.01,0.87,416.6,79.7,31.6,69.1,185.3,639.6
24596,14.07.2022,17:22:03,0.718,94.3,0.914,3.92,0.82,425.7,68.8,47.7,55.0,100.6,701.6
24596,14.07.2022,17:18:05,0.866,86.0,0.862,3.51,0.95,343.8,58.4,58.9,87.2,250.2,702.5
24596,14.07.2022,21:00:25,0.725,93.8,0.826,3.56,0.84,371.1,46.0,45.0,83.8,198.9,441.3
24596,14.07.2022,19:31:28,0.964,99.2,0.818,3.87,0.75,364.0,72.8,76.9,92.6,281.4,749.0
24596,14.07.2022,14:00:44,0.778,86.0,0.944,2.11,0.77,367.0,62.8,81.7,92.3,64.7,408.7
24596,14.07.2022,21:36:28,0.768,98.0,0.943,2.57,0.82,402.7,56.6,69.7,56.7,215.7,780.0
24596,14.07.2022,13:29:36,0.968,85.8,0.761,2.77,0.79,411.7,49.4,88.4,40.2,129.3,470.6
24596,14.07.2022,13:22:14,0.966,96.2,0.973,2.95,0.9,418.0,48.3,60.1,50.5,12.9,664.5
24596,14.07.2022,17:21:56,0.743,96.8,0.828,3.49,0.99,413.0,47.1,67.9,64.7,371.6,705.4
24596,14.07.2022,15:07:29,0.819,95.5,0.993,2.06,0.79,369.1,77.6,20.2,54.1,406.2,511.4
24596,14.07.2022,23:32:04,0.744,94.3,0.872,2.03,0.87,433.3,64.2,63.4,86.8,393.0,522.3
24596,14.07.2022,19:13:32,0.816,92.4,0.931,3.83,0.83,393.8,65.7,61.6,42.3,301.2,613.7
24596,14.07.2022,18:42:53,0.754,94.3,0.985,2.07,0.9,388.4,55.7,94.4,46.4,339.6,507.2
24596,14.07.2022,14:35:14,0.859,94.0,0.982,3.25,0.94,363.6,79.3,46.1,87.5,36.8,732.6
24596,14.07.2022,18:45:14,0.923,86.3,0.788,3.88,0.81,403.2,74.0,28.6,68.3,123.4,488.0
24596,14.07.2022,23:01:56,0.78,91.0,0.752,2.49,0.8,435.9,63.9,23.1,82.7,45.8,599.8
24596,14.07.2022,20:28:57,0.887,88.1,0.756,3.97,0.96,391.9,49.3,41.0,69.6,447.8,748.1
24596,14.07.2022,17:20:00,0.882,98.5,0.997,2.44,0.77,403.2,69.2,78.4,82.8,414.6,555.4
24596,14.07.2022,19:22:34,0.859,95.7,0.887,2.27,0.82,353.0,62.0,37.6,88.7,446.9,697.0
24596,14.07.2022,16:58:41,0.718,93.4,0.967,3.43,0.79,368.1,46.6,91.0,87.7,442.5,536.9
24596,14.07.2022,13:00:34,0.818,85.1,0.837,3.55,0.79,436.9,71.3,89.1,84.7,428.4,724.5
24596,14.07.2022,15:57:10,0.849,85.0,0.858,3.68,0.76,396.0,42.8,22.6,70.7,378.4,812.7
24596,14.07.2022,19:16:45,0.871,87.4,0.962,2.21,0.78,383.0,54.4,36.5,84.2,370.2,550.7
24596,14.07.2022,16:45:52,0.753,93.1,0.862,3.7,0.92,352.1,63.9,39.9,77.1,369.6,328.2
24596,14.07.2022,14:42:21,0.995,98.0,0.868,3.93,0.97,436.7,50.2,26.4,73.9,162.6,592.9
24596,14.07.2022,22:18:30,0.86,91.3,0.999,3.43,0.99,410.9,50.6,52.7,61.1,387.8,466.4
24596,14.07.2022,15:59:49,0.791,85.3,0.794,2.18,0.91,431.6,50.4,82.7,74.1,206.5,405.2
24596,14.07.2022,23:30:13,0.707,85.4,0.845,3.03,0.98,346.8,77.6,81.9,70.2,231.8,305.2
24596,14.07.2022,20:54:21,0.868,94.0,0.817,2.02,0.88,413.5,44.9,70.8,98.1,0.4,599.4
24596,14.07.2022,18:44:09,0.976,95.3,0.876,3.67,0.9,400.6,41.5,98.5,96.9,136.8,555.8
24596,14.07.2022,15:49:03,0.756,88.3,0.922,3.14,0.93,423.8,61.0,66.9,53.6,160.0,672.1
24596,14.07.2022,18:39:55,0.917,91.2,0.96,3.19,0.85,402.8,43.0,26.9,85.2,425.0,466.5
24596,14.07.2022,16:31:42,0.794,93.3,0.99,3.4,0.88,401.3,64.1,26.0,65.0,344.2,509.0
24596,14.07.2022,13:51:52,0.85,100.0,0.871,2.36,0.86,392.7,55.3,49.4,51.1,393.7,913.5
24596,14.07.2022,13:39:16,0.872,95.5,0.923,2.77,0.88,340.2,55.4,81.6,82.0,352.1,538.9
24596,14.07.2022,23:50:48,0.944,94.6,0.962,2.06,0.94,362.5,77.1,89.1,43.2,398.0,807.3
24596,14.07.2022,13:36:13,0.845,90.3,0.772,2.55,0.87,363.6,65.5,27.3,50.0,340.3,869.1
24596,14.07.2022,18:07:12,0.961,91.8,0.773,2.65,0.77,378.0,54.5,82.1,61.1,142.7,828.9
24596,14.07.2022,15:30:04,0.913,89.8,0.877,3.17,0.83,413.3,57.0,39.6,81.2,305.0,846.1
24596,14.07.2022,15:20:05,0.863,91.0,0.862,3.65,0.88,391.1,50.6,72.4,59.8,131.6,686.2
24596,14.07.2022,19:54:40,0.724,96.4,0.924,3.08,0.95,339.2,79.4,65.6,75.7,387.0,290.5
24596,14.07.2022,19:55:41,0.83,90.1,0.883,3.12,0.8,388.8,71.3,27.0,73.4,161.1,607.3
24596,14.07.2022,14:58:00,0.754,94.8,0.82,2.48,0.96,400.7,47.5,82.2,99.0,394.7,704.6
24596,14.07.2022,21:53:45,0.792,91.5,0.931,2.04,0.91,397.9,72.9,75.6,85.3,448.7,458.8
24596,14.07.2022,13:29:47,0.894,93.5,0.798,4.0,0.86,376.9,70.8,29.7,69.6,218.3,922.6
24596,14.07.2022,22:18:40,0.917,87.0,0.878,3.46,0.98,366.1,42.1,54.7,88.8,240.2,589.5
24596,14.07.2022,22:04:45,0.84,96.8,0.811,3.9,0.97,412.9,76.4,50.5,59.8,402.4,319.6
24596,14.07.2022,22:58:54,0.737,95.9,0.858,2.33,0.87,377.7,76.5,90.6,61.1,247.7,925.8
24596,14.07.2022,20:01:03,0.886,97.6,0.871,2.88,0.87,404.4,70.0,68.5,76.6,256.8,684.2
24596,14.07.2022,19:22:35,0.808,90.8,0.931,3.34,0.93,431.1,58.3,27.0,80.6,237.8,660.1
24596,14.07.2022,17:48:54,0.992,97.4,0.915,3.34,0.9,379.3,57.2,53.7,60.8,112.8,428.7
24596,14.07.2022,13:25:09,0.824,88.0,0.946,2.39,0.97,392.7,49.0,52.1,40.9,109.2,394.6
24596,14.07.2022,19:26:35,0.808,92.7,0.877,2.19,0.98,355.7,62.5,96.5,55.0,137.2,769.5
24596,14.07.2022,18:01:14,0.785,85.2,0.818,3.16,0.94,401.9,58.6,77.6,85.0,202.7,442.1
24596,14.07.2022,19:18:30,0.91,90.9,0.908,2.54,0.97,393.5,44.3,67.2,54.7,389.5,836.1
24596,14.07.2022,17:59:07,0.929,93.4,0.869,3.38,0.79,377.7,70.6,60.0,49.8,441.8,622.9
24596,14.07.2022,13:42:38,0.861,95.5,0.871,2.47,0.77,375.1,41.0,56.7,98.5,431.6,349.4
24596,14.07.2022,19:04:06,0.723,93.8,0.783,2.44,0.82,398.1,57.9,91.5,66.0,247.6,479.8
24596,14.07.2022,17:12:56,0.82,87.1,0.82,3.67,0.91,381.9,72.4,39.3,65.4,9.3,539.8
24596,14.07.2022,15:31:01,0.789,88.4,0.838,2.08,0.8,420.0,59.9,93.7,81.8,424.8,804.0
24596,14.07.2022,19:41:48,0.777,89.8,0.976,2.88,0.85,385.5,76.4,56.7,50.1,349.6,523.1
24596,14.07.2022,21:45:36,0.957,96.2,0.782,3.64,0.79,426.4,51.9,39.0,73.3,442.3,754.2
24596,14.07.2022,17:43:49,0.738,86.5,0.996,2.01,0.97,418.1,61.5,95.4,94.1,129.0,545.6
24596,14.07.2022,15:17:47,0.9,88.9,0.958,3.51,0.95,361.2,42.9,25.9,62.7,132.1,341.5
24596,14.07.2022,14:57:06,1.0,94.0,0.755,2.36,0.84,427.0,40.5,87.5,80.3,172.7,529.5
24596,14.07.2022,14:38:55,0.924,94.3,0.959,2.1,0.78,402.3,54.3,83.2,70.7,329.5,706.8
24596,14.07.2022,19:50:10,0.847,93.3,0.968,3.79,0.9,439.3,71.3,84.5,89.9,269.2,397.4
24596,14.07.2022,22:37:10,0.732,88.2,0.841,3.95,0.83,353.5,47.7,84.1,62.7,312.2,794.2
24596,14.07.2022,14:28:07,0.875,85.6,0.756,3.63,0.75,425.6,64.5,79.8,60.2,444.6,296.9
24596,14.07.2022,15:30:48,0.752,98.0,0.973,2.0,0.87,400.7,50.2,41.5,82.7,81.0,714.7
24596,14.07.2022,21:45:28,0.788,92.1,0.858,2.2,0.82,375.5,79.9,95.5,84.1,123.8,841.6
24596,14.07.2022,16:26:59,0.82,93.6,0.86,2.55,0.88,414.6,75.0,48.7,48.9,89.7,749.5
24596,14.07.2022,22:59:27,0.933,87.8,0.996,2.01,0.77,384.5,77.8,79.2,58.2,14.9,379.7
24596,14.07.2022,17:59:56,0.861,94.5,0.804,3.29,0.83,361.6,75.1,90.9,64.4,336.1,821.0
24596,14.07.2022,16:47:19,0.885,97.3,0.765,3.28,0.98,390.2,55.3,55.7,51.2,212.2,827.7
24596,14.07.2022,14:33:14,0.709,99.6,0.756,3.26,0.87,367.3,43.4,60.2,40.4,170.9,448.4
24596,14.07.2022,19:11:42,0.706,99.4,0.933,3.25,0.89,334.2,75.2,22.7,71.2,453.7,854.7
24596,14.07.2022,20:01:38,0.899,90.9,0.94,2.2,0.96,428.7,50.4,54.4,73.8,456.2,569.3
24596,14.07.2022,20:16:13,0.728,94.6,0.905,3.38,0.76,375.7,48.4,53.4,77.4,32.8,438.4
24596,14.07.2022,21:48:21,0.798,90.2,0.973,2.4,0.88,399.3,67.4,34.0,51.7,321.0,671.8
24596,14.07.2022,16:57:28,0.848,86.7,0.906,2.59,0.89,353.3,57.1,98.6,64.5,414.2,606.9
24596,14.07.2022,20:06:04,0.876,100.0,0.892,2.87,0.9,438.2,74.8,20.2,86.4,357.4,357.1
24596,14.07.2022,16:40:00,0.83,89.8,0.766,2.08,0.9,388.7,44.5,51.6,73.1,154.7,809.5
24596,14.07.2022,13:08:08,0.842,91.8,0.93,2.72,0.8,411.7,55.5,56.5,63.9,156.4,571.2
24596,14.07.2022,15:48:06,0.894,95.9,0.845,3.01,0.93,383.5,43.5,76.3,89.4,435.2,933.3
24596,14.07.2022,15:49:28,0.726,91.4,0.793,3.55,0.97,367.0,74.0,75.5,50.4,141.4,722.9
24596,14.07.2022,23:17:03,0.997,85.8,0.926,3.71,0.88,371.7,66.3,68.6,41.7,224.7,823.5
24596,14.07.2022,20:46:36,0.824,95.1,0.866,2.18,0.92,434.7,40.8,32.3,99.6,345.9,450.0
24596,14.07.2022,20:45:52,0.718,91.5,0.916,3.88,0.77,407.1,54.3,97.1,90.5,432.3,552.0
24596,14.07.2022,19:19:59,0.709,94.6,0.9,2.02,0.89,364.9,45.6,83.5,42.0,295.7,317.6
24596,14.07.2022,23:19:56,0.867,95.0,0.966,3.41,0.79,386.1,45.9,59.0,72.1,415.6,819.5
24596,14.07.2022,22:39:42,0.743,85.1,0.946,3.04,0.94,395.6,49.1,33.4,45.2,321.2,398.5
24596,14.07.2022,18:49:57,0.942,96.3,0.865,2.98,0.98,373.8,76.9,30.5,66.9,477.8,487.1
24596,14.07.2022,20:39:50,0.803,87.4,0.918,3.68,0.82,348.3,41.8,94.1,53.2,16.1,805.0
24596,14.07.2022,20:11:11,0.776,85.3,0.995,2.98,0.99,354.8,51.4,92.8,55.5,112.2,468.2
24596,14.07.2022,23:14:39,0.708,95.4,0.951,3.19,0.85,433.2,57.3,55.9,99.2,348.8,504.8
24596,14.07.2022,14:38:27,0.955,98.4,0.897,3.59,0.99,403.2,53.8,55.7,48.4,447.3,684.6
24596,14.07.2022,13:53:45,0.999,95.2,0.774,3.34,1.0,388.4,48.0,70.5,61.1,198.7,407.3
24596,14.07.2022,20:17:09,0.725,85.2,0.924,3.02,0.83,433.3,62.4,22.1,47.2,437.9,914.1
24596,14.07.2022,22:09:29,0.836,96.4,0.965,2.3,0.92,395.0,53.2,27.8,58.3,301.7,884.3
24596,14.07.2022,23:34:39,0.738,89.9,0.889,2.78,0.79,390.6,51.8,43.6,53.6,292.7,422.3
24596,14.07.2022,18:54:44,0.716,97.1,0.897,2.98,0.87,402.0,48.4,96.7,95.4,431.2,700.6
24596,14.07.2022,20:39:10,0.956,93.9,0.915,2.26,0.88,358.1,57.6,54.7,84.0,294.7,886.2
24596,14.07.2022,22:29:12,0.991,85.2,0.828,2.02,0.9,356.5,51.6,33.3,71.5,148.1,463.0
24596,14.07.2022,22:18:04,0.74,91.0,0.921,2.88,0.77,382.0,52.8,27.6,74.2,104.6,632.5
24596,14.07.2022,19:31:04,0.832,96.0,0.88,3.56,0.94,424.0,68.3,26.8,40.7,363.1,406.5
24596,14.07.2022,19:00:55,0.933,87.9,0.771,3.75,0.81,363.4,45.5,30.0,58.9,183.4,458.9
24596,14.07.2022,23:43:04,0.939,95.8,0.953,3.69,0.8,370.3,64.0,49.4,61.4,3.0,617.1
24596,14.07.2022,13:01:48,0.756,96.2,0.774,3.92,0.95,339.7,52.7,90.0,78.2,373.7,773.6
24596,14.07.2022,23:35:07,0.795,91.0,0.931,3.86,0.94,354.4,71.1,57.5,97.7,364.8,475.3
24596,14.07.2022,17:57:37,0.76,91.5,0.887,2.12,0.75,364.8,40.8,95.5,62.1,288.7,542.1
24596,14.07.2022,17:25:50,0.854,95.3,0.837,3.21,0.77,387.2,63.7,87.4,62.8,286.6,809.5
24596,14.07.2022,21:14:37,0.725,89.8,0.795,2.74,0.96,362.2,78.3,78.9,40.6,12.8,308.9
24596,14.07.2022,14:17:00,0.801,94.6,0.863,2.98,0.85,336.8,59.6,51.7,87.0,147.0,511.7
24596,14.07.2022,15:20:51,0.956,91.3,0.793,3.64,0.83,371.1,69.9,26.5,73.5,133.9,610.9
24596,14.07.2022,17:50:16,0.83,92.7,0.901,3.6,0.88,416.2,60.5,69.8,83.0,11.5,371.4
24596,14.07.2022,18:17:06,0.805,95.2,0.993,3.11,0.99,394.6,46.4,98.6,47.7,438.7,417.7
24596,14.07.2022,22:09:43,0.902,95.4,0.777,2.33,0.84,391.7,51.6,44.5,64.1,429.1,564.0
24596,14.07.2022,16:12:22,1.0,86.9,0.819,2.29,0.83,408.8,51.5,91.3,90.1,61.1,941.1
24596,14.07.2022,20:58:57,0.886,87.2,0.935,2.65,0.76,394.9,54.7,47.9,69.2,400.6,305.6
24596,14.07.2022,20:27:27,0.768,95.5,0.871,2.33,0.85,371.3,72.7,67.8,62.0,313.8,646.5
24596,14.07.2022,16:44:56,0.887,91.4,0.999,2.36,0.78,415.7,78.7,20.6,96.1,349.8,595.6
24596,14.07.2022,22:17:48,0.783,89.5,0.981,3.79,0.83,422.0,41.5,90.5,79.1,273.4,352.8
24596,14.07.2022,14:48:04,0.803,95.5,0.829,3.76,0.96,422.2,53.5,43.7,86.2,100.5,647.0
24596,14.07.2022,22:08:56,0.82,97.5,0.902,3.2,0.88,420.1,61.7,78.6,44.7,68.3,559.3
24596,14.07.2022,13:33:58,0.919,96.8,0.874,2.97,0.97,358.1,43.0,21.0,82.7,133.7,535.9
24596,14.07.2022,19:50:08,0.896,99.1,0.899,3.32,0.75,389.9,65.6,29.9,67.6,466.8,542.5
24596,14.07.2022,19:30:47,0.794,93.3,0.978,3.98,0.91,386.4,73.5,52.2,50.6,80.7,414.6
24596,14.07.2022,18:09:49,0.933,87.0,0.872,2.75,0.79,347.9,75.5,62.2,68.2,320.9,728.5
24596,14.07.2022,14:25:03,0.737,96.0,0.869,2.88,0.93,335.5,72.3,75.4,64.3,57.7,294.0
24596,14.07.2022,22:28:15,0.877,85.2,0.936,3.82,0.78,375.3,75.3,89.3,48.4,252.8,335.9
24596,14.07.2022,15:58:52,0.942,93.0,0.939,2.5,0.77,383.5,54.5,53.2,90.7,320.6,896.8
24596,14.07.2022,16:49:58,0.999,91.0,0.812,2.39,0.81,428.3,66.6,51.0,76.8,303.8,940.7
24596,14.07.2022,18:52:07,0.76,94.1,0.9,2.01,0.8,355.0,44.7,52.1,69.0,436.4,731.5
24596,14.07.2022,22:57:42,0.777,87.4,0.939,2.77,0.81,389.9,61.5,20.2,91.2,364.2,621.4
24596,14.07.2022,14:09:12,0.839,99.3,0.863,3.98,0.92,377.2,51.3,52.2,94.2,351.7,435.1
24596,14.07.2022,22:00:00,0.774,88.6,0.931,2.78,0.77,412.2,66.1,95.2,53.9,58.2,278.5
24596,14.07.2022,16:51:02,0.833,93.3,0.757,2.04,0.81,340.8,61.8,90.8,42.6,364.8,555.1
24596,14.07.2022,21:01:38,0.829,96.0,0.946,3.37,0.77,401.6,55.9,63.2,75.6,476.5,363.6
24596,14.07.2022,23:34:23,0.773,87.9,0.943,3.2,0.88,340.7,77.6,68.7,85.3,361.1,320.5
24596,14.07.2022,22:00:52,0.747,90.2,0.953,3.45,0.93,377.1,64.9,32.7,66.4,181.3,274.5
24596,14.07.2022,14:09:58,0.813,99.4,0.802,3.01,0.81,339.8,43.0,33.1,95.0,403.9,520.6
24596,14.07.2022,14:58:41,0.903,96.9,0.905,2.53,0.79,365.8,61.7,53.1,53.2,101.4,608.4
24596,14.07.2022,19:09:39,0.964,96.2,0.79,2.62,0.82,419.9,59.7,61.3,96.3,479.1,827.9
24596,14.07.2022,21:08:48,0.774,94.2,0.818,3.13,0.8,428.7,50.7,41.2,90.9,133.1,861.4
24596,14.07.2022,14:21:02,0.95,97.5,0.921,2.9,0.78,416.6,50.2,71.0,45.9,395.0,678.1
24596,14.07.2022,17:52:55,0.979,90.5,0.822,3.52,0.99,437.7,62.5,37.4,83.1,396.4,677.4
24596,14.07.2022,13:10:44,0.778,91.6,0.972,2.69,0.78,362.4,41.0,48.9,92.6,104.4,879.7
24596,14.07.2022,23:51:43,0.968,92.4,0.771,3.35,0.78,424.5,73.6,93.1,97.6,275.3,906.3
24596,14.07.2022,13:42:21,0.88,99.6,0.753,2.55,0.95,352.9,41.5,69.9,64.4,376.4,944.9
24596,14.07.2022,17:42:23,0.808,90.7,0.86,2.11,0.86,374.9,60.7,79.8,79.7,343.6,565.3
24596,14.07.2022,14:50:53,0.822,96.7,0.836,2.33,0.75,382.9,72.2,68.2,85.2,79.2,292.8
24596,14.07.2022,22:04:11,0.797,88.0,0.92,2.26,0.86,349.6,60.9,49.7,88.9,9.8,688.3
24596,14.07.2022,21:12:58,0.765,96.6,0.903,3.39,1.0,428.3,78.8,34.4,89.7,79.4,783.4
24596,14.07.2022,16:22:58,0.855,86.3,0.881,3.01,0.76,428.8,46.8,41.0,90.1,66.4,483.3
24596,14.07.2022,14:51:24,0.792,86.9,0.948,2.36,0.78,342.0,51.2,34.5,93.5,373.6,576.2
24596,14.07.2022,20:27:56,0.81,95.2,0.874,2.24,0.87,399.8,71.7,75.2,77.9,56.1,796.5
24596,14.07.2022,23:09:41,0.963,96.2,0.821,2.97,1.0,342.9,68.7,29.1,96.3,331.5,306.1
24596,14.07.2022,16:34:42,0.917,91.9,0.883,2.94,0.86,338.2,73.9,76.3,93.8,3.3,543.5
24596,14.07.2022,13:04:11,0.725,89.5,0.752,3.16,0.91,347.6,41.9,43.2,52.1,61.7,658.0
24596,14.07.2022,16:15:01,0.904,97.2,0.976,3.34,0.85,379.3,78.1,91.0,75.7,324.2,713.5
24596,14.07.2022,19:44:26,0.938,99.0,0.752,2.39,0.97,350.0,72.9,92.6,63.7,391.8,554.0
24596,14.07.2022,23:57:22,0.963,90.0,0.812,3.9,0.98,392.6,68.3,80.3,86.7,430.0,466.5
24596,14.07.2022,17:16:12,0.764,88.9,0.848,3.03,0.96,340.1,65.7,33.9,53.7,300.9,922.6
24596,14.07.2022,18:43:20,0.909,87.6,0.764,2.76,0.75,361.3,58.1,79.1,79.3,262.3,479.1
24596,14.07.2022,15:06:38,0.989,99.5,0.875,3.95,0.79,372.2,41.3,91.3,90.0,347.9,446.4
24596,14.07.2022,17:15:14,0.739,98.5,0.83,2.02,0.98,333.2,55.6,72.3,45.9,380.3,375.3
24596,14.07.2022,19:36:35,0.968,86.5,0.89,2.49,0.91,350.2,69.0,76.2,84.0,343.7,362.6
24596,14.07.2022,18:20:29,0.818,97.5,0.794,3.75,0.97,339.6,55.7,73.1,43.3,40.3,780.7
24596,14.07.2022,14:17:55,0.738,90.9,0.849,2.24,0.81,331.2,44.8,34.8,48.9,453.4,875.8
24596,14.07.2022,16:58:02,0.988,93.9,0.986,2.57,0.98,349.0,49.9,34.6,92.7,216.0,879.2
24596,14.07.2022,23:00:33,0.816,95.2,0.853,3.91,0.93,372.4,66.4,41.2,77.4,446.1,746.3
24596,14.07.2022,18:40:53,0.87,86.3,0.876,3.18,0.81,375.2,69.9,82.7,77.0,350.1,651.0
24596,14.07.2022,17:33:07,0.953,96.8,0.981,2.4,0.81,332.9,44.2,34.1,65.2,310.2,815.0
24596,14.07.2022,19:12:04,0.83,92.4,0.842,3.59,0.97,394.1,57.5,21.6,62.9,190.5,854.4
24596,14.07.2022,14:40:00,0.834,85.6,0.758,2.12,0.79,360.6,45.8,32.0,74.6,467.8,309.1
24596,14.07.2022,21:21:35,0.86,95.5,0.917,2.35,0.79,422.1,56.6,54.5,51.0,57.7,666.0
24596,14.07.2022,23:58:59,0.798,87.4,0.957,2.26,0.83,391.3,42.7,23.3,60.6,156.2,760.2
24596,14.07.2022,21:28:52,0.91,90.6,0.789,2.54,0.82,424.8,55.0,46.6,55.2,205.9,945.8
24596,14.07.2022,16:52:43,0.701,85.4,0.758,3.83,0.97,349.9,40.7,44.4,90.3,170.9,550.5
24596,14.07.2022,20:27:55,0.996,96.8,0.888,3.82,0.89,411.8,41.4,23.5,43.9,42.3,280.0
24596,14.07.2022,15:54:34,0.805,88.5,0.905,3.78,0.76,397.3,53.7,36.6,72.7,378.8,679.6
24596,14.07.2022,19:35:55,0.749,97.1,0.9,3.05,0.92,337.1,74.1,55.9,42.8,47.8,330.5
24596,14.07.2022,15:20:10,0.937,92.1,0.816,3.68,0.87,410.2,63.1,71.2,78.5,372.4,274.5
24596,14.07.2022,15:49:18,0.895,91.9,0.758,2.44,0.85,416.2,46.9,84.3,82.6,391.0,493.8
24596,14.07.2022,17:56:07,0.968,95.3,0.88,2.22,0.94,368.8,61.2,74.2,48.3,111.0,530.5
24596,14.07.2022,19:43:48,0.934,98.2,0.92,3.23,0.96,434.1,71.8,34.2,72.8,308.7,938.5
24596,14.07.2022,21:35:57,0.846,91.9,0.954,2.8,0.99,420.0,63.3,41.8,76.2,157.0,367.4
24596,14.07.2022,22:00:23,0.845,93.1,0.977,2.85,0.87,407.9,69.5,84.8,49.6,298.0,410.7
24596,14.07.2022,17:19:49,0.886,86.7,0.841,2.93,0.78,432.7,49.2,63.2,64.1,312.3,405.5
24596,14.07.2022,21:39:11,0.755,96.7,0.775,2.54,0.97,423.2,72.6,80.1,40.4,70.8,498.2
24596,14.07.2022,19:02:11,0.759,88.0,0.753,2.95,0.99,386.3,68.3,70.5,47.5,292.7,917.9
24596,14.07.2022,22:06:36,0.977,92.5,0.998,3.7,0.8,382.8,73.6,94.3,65.7,118.6,369.5
24596,14.07.2022,21:59:43,0.996,88.0,0.904,2.08,0.8,434.2,78.9,29.0,59.7,263.8,861.2
24596,14.07.2022,18:31:20,0.903,95.2,0.891,3.15,0.85,348.8,53.1,35.9,90.5,73.5,849.1
24596,14.07.2022,13:40:13,0.761,89.1,0.853,2.12,0.78,353.2,40.3,43.4,54.2,35.4,828.5
24596,14.07.2022,23:13:53,0.929,88.7,0.94,2.88,0.85,404.6,41.3,20.6,91.3,90.0,292.1
24596,14.07.2022,18:36:49,0.75,87.2,0.977,3.67,0.92,337.5,44.6,81.1,82.3,323.4,518.1
24596,14.07.2022,13:38:59,0.784,85.4,0.755,3.77,0.89,425.3,44.8,94.7,46.2,326.6,758.3
24596,14.07.2022,21:28:22,0.949,91.8,0.834,2.29,0.92,337.4,52.2,81.4,79.5,88.8,631.4
24596,14.07.2022,14:44:35,0.897,90.7,0.944,2.64,0.96,360.6,63.2,99.4,95.7,479.6,770.0
24596,14.07.2022,14:57:57,0.853,97.0,0.8,2.04,0.81,420.7,63.7,34.2,97.2,426.3,370.8
24596,14.07.2022,16:40:02,0.709,97.2,0.852,3.95,0.75,423.8,43.8,54.6,94.2,216.5,920.3
24596,14.07.2022,21:23:27,0.828,86.4,0.89,2.46,0.97,387.3,42.7,22.1,78.4,294.9,310.8
24596,14.07.2022,23:54:40,0.78,95.1,0.944,2.68,0.97,424.3,78.2,68.0,64.4,249.7,714.9
24596,14.07.2022,14:01:40,0.752,92.0,0.929,3.17,0.8,423.3,63.1,32.1,78.2,412.5,827.6
24596,14.07.2022,17:35:15,0.865,93.4,0.964,3.34,0.76,377.7,46.8,44.2,55.3,140.1,405.7
24596,14.07.2022,22:56:30,0.754,90.5,0.776,3.04,0.84,373.1,54.2,62.0,88.5,351.1,699.3
24596,14.07.2022,15:47:01,0.84,97.6,0.929,2.11,0.92,385.7,41.9,20.0,88.8,62.0,374.3
24596,14.07.2022,16:03:41,0.915,93.6,0.863,3.53,0.95,343.8,74.5,61.9,73.7,201.6,502.2
24596,14.07.2022,23:55:35,0.74,99.0,0.879,2.74,0.86,434.0,59.4,99.7,76.2,172.0,421.9
24596,14.07.2022,13:53:40,0.987,97.4,0.827,2.01,0.82,438.7,78.6,92.3,82.1,82.1,750.6
24596,14.07.2022,16:03:20,0.964,98.8,0.874,3.03,0.78,346.3,71.8,49.0,93.6,463.4,579.0
24596,14.07.2022,16:03:57,0.83,90.7,0.767,2.63,0.86,372.4,41.9,73.0,45.9,214.6,824.9
24596,14.07.2022,23:12:14,0.863,89.8,0.82,3.29,0.8,416.8,61.1,37.7,89.5,9.6,307.1
24596,14.07.2022,16:18:35,0.725,98.1,0.842,3.12,0.84,395.1,53.8,30.9,83.2,134.5,661.0
24596,14.07.2022,19:34:04,0.844,97.2,0.92,2.53,0.77,374.7,58.1,93.7,86.9,14.2,559.2
24596,14.07.2022,19:19:27,0.751,99.4,0.874,2.0,0.93,433.2,48.4,34.2,84.5,391.4,420.3
24596,14.07.2022,23:28:17,0.922,87.0,0.92,3.18,0.84,396.7,41.5,65.2,91.9,127.6,764.5
24596,14.07.2022,18:09:45,0.732,96.3,0.818,2.85,0.99,421.7,45.2,87.8,64.2,253.3,725.7
24596,14.07.2022,17:37:07,0.793,99.8,0.799,3.1,0.96,341.4,53.3,90.0,65.6,195.2,614.4
24596,14.07.2022,15:29:14,0.93,86.1,0.98,2.21,0.81,393.5,40.4,36.9,77.7,366.5,818.5
24596,14.07.2022,20:03:46,0.742,85.3,0.833,3.77,0.8,351.2,77.0,92.7,78.0,235.7,356.5
24596,14.07.2022,19:25:04,0.944,93.9,0.84,2.59,0.78,337.3,76.8,45.8,41.5,447.9,417.1
24596,14.07.2022,19:24:18,0.97,95.4,0.881,2.72,0.96,411.9,58.2,55.8,62.6,219.5,272.1
24596,14.07.2022,17:30:18,0.924,92.3,0.856,2.83,0.86,426.3,66.1,59.7,61.2,131.0,791.1
24596,14.07.2022,22:34:27,0.865,91.0,0.783,3.09,0.92,425.6,43.5,94.3,63.1,210.6,322.6
24596,14.07.2022,20:00:29,0.95,94.3,0.824,3.32,0.76,434.3,62.6,54.9,53.3,299.0,789.9
24596,14.07.2022,20:32:32,0.943,99.4,0.923,3.22,0.99,424.4,61.8,22.2,73.6,78.9,498.7
24596,14.07.2022,17:33:48,0.833,99.9,0.999,2.35,0.95,389.5,43.8,83.9,63.5,166.7,617.8
24596,14.07.2022,15:57:10,0.858,94.9,0.938,3.97,0.94,405.9,43.5,80.7,51.8,389.0,638.3
24596,14.07.2022,20:51:43,0.706,92.5,0.877,2.9,0.86,344.2,65.1,77.3,84.8,63.7,745.6
24596,14.07.2022,23:45:31,0.957,86.1,0.971,2.2,0.88,378.4,57.8,57.7,78.8,311.9,677.8
24596,14.07.2022,20:46:33,0.99,85.2,0.909,3.56,0.92,373.1,74.5,30.5,63.0,39.4,341.4
24596,14.07.2022,16:54:21,0.854,89.2,0.997,2.25,0.97,418.9,63.1,63.0,54.9,402.0,645.5
24596,14.07.2022,18:09:16,0.738,96.5,0.955,2.18,0.88,344.1,62.6,29.9,94.2,278.9,749.3
24596,14.07.2022,21:27:10,0.843,90.7,0.89,3.18,0.89,393.7,65.9,53.7,68.3,255.1,347.9
24596,14.07.2022,19:26:37,0.808,89.5,0.862,3.85,0.82,378.3,58.6,70.2,60.2,357.7,918.1
24596,14.07.2022,15:58:52,0.717,94.0,0.824,3.7,0.85,368.5,47.0,75.2,54.9,339.5,715.9
24596,14.07.2022,17:57:32,0.758,94.0,0.989,3.04,0.82,344.7,64.7,91.9,90.8,456.2,428.7
24596,14.07.2022,20:14:30,0.712,87.0,0.777,3.73,0.9,376.9,58.9,57.2,87.8,445.7,796.7
24596,14.07.2022,19:19:53,0.808,91.1,0.901,2.96,0.98,438.0,44.8,75.6,70.0,377.7,663.9
24596,14.07.2022,19:57:35,0.864,94.7,0.941,2.97,0.99,379.7,68.0,74.8,90.0,112.8,736.7
24596,14.07.2022,21:57:48,0.841,92.9,0.915,2.34,0.85,402.7,71.9,80.2,52.5,76.3,863.3
24596,14.07.2022,16:41:32,0.915,87.2,0.8,2.4,0.89,433.5,40.2,81.1,69.0,251.8,917.6
24596,14.07.2022,17:02:10,0.981,93.1,0.923,3.9,0.76,401.3,53.7,28.9,61.8,368.3,694.3
24596,14.07.2022,20:17:43,0.777,89.7,0.807,2.52,1.0,363.0,43.8,49.3,68.2,384.6,403.5
24596,14.07.2022,22:59:58,0.799,96.3,0.773,2.96,0.82,347.3,43.4,68.8,98.0,411.1,453.2
24596,14.07.2022,21:49:52,0.725,88.6,0.901,2.61,0.94,431.8,55.2,43.6,57.2,264.4,884.5
24596,14.07.2022,16:28:49,0.851,95.0,0.78,2.33,0.8,414.5,78.1,81.7,42.5,237.6,452.3
24596,14.07.2022,21:22:00,0.861,94.4,0.916,2.43,0.9,408.7,58.3,69.0,53.3,91.8,404.1
24596,14.07.2022,22:59:34,0.97,86.2,0.796,2.69,0.84,370.8,40.3,84.1,53.4,315.9,854.0
24596,14.07.2022,23:50:01,0.943,97.5,0.953,3.64,0.94,375.6,52.2,37.7,66.6,317.0,445.6
24596,14.07.2022,20:10:32,0.706,93.2,0.945,3.29,0.8,376.0,70.9,93.4,62.0,241.0,276.5
24596,14.07.2022,23:54:42,0.856,87.3,0.817,2.11,0.84,341.5,44.7,76.0,55.3,209.3,271.3
24596,14.07.2022,22:22:33,0.935,94.5,0.779,3.78,0.79,430.4,64.8,80.1,45.2,105.6,858.7
24596,14.07.2022,16:39:13,0.916,88.3,0.849,3.12,0.92,349.4,41.8,98.4,76.6,191.2,410.4
24596,14.07.2022,20:23:12,0.863,97.1,0.89,3.23,0.94,375.9,63.5,57.2,54.0,226.8,710.6
24596,14.07.2022,14:27:29,0.98,99.6,0.773,3.3,0.93,436.3,46.5,25.9,47.2,428.6,809.5
24596,14.07.2022,16:01:23,0.841,97.5,0.937,3.99,0.98,364.0,57.9,76.1,73.4,191.5,417.5
24596,14.07.2022,20:19:52,0.701,87.7,0.77,3.02,0.95,346.4,43.4,68.5,93.0,252.6,565.1
24596,14.07.2022,19:02:28,0.719,93.2,0.89,2.14,0.78,365.7,43.8,99.1,83.7,104.1,294.0
24596,14.07.2022,18:52:34,0.899,91.3,0.883,3.18,0.87,355.7,56.8,32.4,99.1,221.1,786.6
24596,14.07.2022,14:43:56,0.903,87.9,0.808,3.53,0.76,362.5,60.1,41.6,44.1,75.8,907.6
24596,14.07.2022,13:35:54,0.825,85.0,0.826,3.5,0.79,334.6,71.9,87.5,85.5,195.1,627.6
24596,14.07.2022,21:30:14,0.712,91.6,0.821,3.23,0.94,409.6,62.9,79.4,87.3,246.4,372.7
